1,0.99848,0.99758,0.99561,0.99163,0.99011,0.98692,0.98095,0.97876,0.97189,0.96764,0.96332,0.9608,0.95787,0.95255,0.94835,0.93875,0.92874,0.91907,0.91547,0.91084,0.90443,0.89939,0.89531,0.89216,0.89,0.88803,0.88809,0.88646,0.89006,0.88978,0.89156,0.89056,0.88935,0.8875,0.88799,0.88795,0.88822,0.88687,0.87895,0.87128,0.86492,0.85631,0.85204,0.84806,0.83682,0.82487,0.81847,0.81128,0.79618,0.78434,0.77005,0.75513,0.74887,0.74336,0.73034,0.71844,0.68119,0.64851,0.6205,0.61411,0.59729,0.57633,0.55501,0.53609,0.51706,0.49837,0.48204,0.45083,0.43107,0.41417,0.40231,0.38145,0.37256,0.35641,0.33927,0.33038,0.32188,0.31448,0.31188,0.315,0.31335,0.30781,0.30631,0.30236,0.29931,0.29249,0.28805,0.27388,0.26837,0.26522,0.26204,0.2582,0.24971,0.24218,0.22881,0.21876,0.20348,0.20849,0.19875,0.21508,0.21807,0.20621,0.19588,0.20948,-0.4307,-0.3961,0.99992,0.65091
0.99848,1,0.99961,0.99821,0.99499,0.9938,0.99119,0.98572,0.98359,0.9771,0.97292,0.96881,0.9664,0.96362,0.95861,0.95445,0.94523,0.9352,0.92559,0.92193,0.91713,0.91043,0.90478,0.90017,0.8966,0.8941,0.89184,0.89111,0.88842,0.89094,0.89037,0.89135,0.88922,0.88737,0.88484,0.88454,0.88411,0.88435,0.88247,0.87403,0.86603,0.85939,0.8503,0.84598,0.84191,0.8301,0.81773,0.81127,0.80403,0.78869,0.77685,0.76244,0.74694,0.74063,0.73511,0.72195,0.70995,0.67255,0.63978,0.61185,0.60547,0.58872,0.5678,0.54673,0.52787,0.50879,0.48993,0.47336,0.44206,0.42261,0.40623,0.39461,0.37337,0.36416,0.3477,0.33074,0.32225,0.31463,0.30782,0.30595,0.30934,0.30809,0.30289,0.3015,0.29794,0.29488,0.28818,0.28378,0.26956,0.26411,0.2611,0.25787,0.25406,0.24574,0.23833,0.22491,0.2143,0.19853,0.20365,0.19365,0.21104,0.21401,0.20202,0.19172,0.20662,-0.42988,-0.39749,0.99834,0.64576
0.99758,0.99961,1,0.99909,0.99627,0.99519,0.99269,0.98725,0.98515,0.97878,0.97467,0.97067,0.9683,0.96558,0.9607,0.95661,0.94747,0.93758,0.92815,0.92447,0.91959,0.91305,0.9074,0.90256,0.89886,0.8964,0.89413,0.89296,0.88998,0.89213,0.89145,0.89205,0.88952,0.88752,0.88476,0.88405,0.88333,0.88322,0.88105,0.87234,0.86411,0.85722,0.84755,0.84297,0.83868,0.8264,0.81375,0.80708,0.79971,0.78422,0.7722,0.7576,0.74186,0.73549,0.72994,0.71671,0.70468,0.66725,0.63417,0.6062,0.59993,0.58333,0.5625,0.54128,0.52238,0.5032,0.4842,0.46747,0.43609,0.41682,0.40059,0.38911,0.36793,0.35867,0.34271,0.32595,0.31757,0.31017,0.30349,0.30191,0.30553,0.30442,0.29935,0.29831,0.29502,0.29206,0.28541,0.28109,0.26694,0.26166,0.25893,0.25595,0.25251,0.24437,0.23707,0.22397,0.21345,0.19779,0.20335,0.19351,0.2107,0.21359,0.20166,0.19137,0.20621,-0.42731,-0.39693,0.99739,0.64199
0.99561,0.99821,0.99909,1,0.99812,0.99727,0.99521,0.99028,0.9884,0.98242,0.97858,0.97466,0.97236,0.96979,0.9651,0.96106,0.95198,0.94226,0.93279,0.92897,0.924,0.9173,0.91152,0.90678,0.90298,0.90022,0.89765,0.89545,0.89173,0.89296,0.89198,0.89191,0.88864,0.88607,0.88286,0.88151,0.88021,0.87955,0.8762,0.86677,0.85797,0.85061,0.84049,0.83571,0.83121,0.81832,0.80529,0.79829,0.79069,0.77507,0.76314,0.74838,0.73205,0.72548,0.71977,0.70627,0.69414,0.65671,0.62332,0.59509,0.58888,0.57229,0.55145,0.53015,0.51153,0.49253,0.47341,0.45669,0.4255,0.40707,0.39113,0.38009,0.35915,0.35011,0.33423,0.31773,0.3097,0.30263,0.29637,0.29536,0.29942,0.29851,0.29363,0.29274,0.28987,0.28703,0.28062,0.27639,0.26247,0.25768,0.25563,0.25282,0.24975,0.24183,0.23448,0.22194,0.21151,0.19581,0.20136,0.19154,0.20827,0.21105,0.19918,0.1888,0.20433,-0.42391,-0.39517,0.99537,0.63429
0.99163,0.99499,0.99627,0.99812,1,0.99977,0.99844,0.99472,0.99333,0.98826,0.98503,0.9816,0.97955,0.97725,0.97297,0.96909,0.95983,0.95034,0.94101,0.93723,0.93213,0.92486,0.91857,0.91353,0.9091,0.9053,0.90219,0.89835,0.89303,0.89232,0.89089,0.88976,0.88559,0.88212,0.87827,0.87609,0.87384,0.87235,0.86739,0.85643,0.84712,0.83935,0.8289,0.82391,0.8192,0.80553,0.79205,0.78477,0.77696,0.76135,0.7493,0.73443,0.7177,0.71094,0.70496,0.69083,0.67844,0.64049,0.6073,0.57888,0.57273,0.55623,0.53504,0.51333,0.49476,0.47578,0.45663,0.43998,0.40885,0.39153,0.37613,0.36533,0.34424,0.33561,0.32006,0.30382,0.29646,0.28927,0.28401,0.28398,0.28824,0.28791,0.28371,0.28327,0.28078,0.2776,0.27142,0.26728,0.2535,0.24971,0.24812,0.24547,0.24255,0.23489,0.2277,0.216,0.20584,0.19019,0.19571,0.18621,0.20089,0.20442,0.19229,0.18198,0.19662,-0.41774,-0.39337,0.99129,0.62347
0.99011,0.9938,0.99519,0.99727,0.99977,1,0.9991,0.9957,0.99443,0.98957,0.98648,0.98317,0.98121,0.979,0.97481,0.97092,0.96157,0.95213,0.94284,0.93903,0.93388,0.92652,0.92007,0.91497,0.91037,0.90633,0.90301,0.8987,0.89304,0.89182,0.89026,0.88881,0.88435,0.8806,0.87653,0.87404,0.87161,0.87003,0.86456,0.85324,0.84377,0.83586,0.8251,0.82,0.81517,0.8013,0.78778,0.78047,0.77267,0.7571,0.74495,0.73003,0.71318,0.70638,0.70035,0.68611,0.67364,0.63567,0.60257,0.57404,0.56785,0.55124,0.53011,0.50836,0.4898,0.47082,0.4517,0.43504,0.40386,0.38673,0.37138,0.36055,0.3394,0.33094,0.31533,0.29921,0.29206,0.28504,0.28006,0.28048,0.28485,0.28471,0.28066,0.28023,0.2777,0.27442,0.26822,0.26414,0.25045,0.24674,0.24515,0.24244,0.23958,0.23202,0.22492,0.21344,0.20319,0.18769,0.19318,0.18374,0.19778,0.2016,0.18941,0.1791,0.19357,-0.41537,-0.3917,0.98975,0.61946
0.98692,0.99119,0.99269,0.99521,0.99844,0.9991,1,0.99783,0.99677,0.99237,0.98952,0.98643,0.98461,0.9826,0.97865,0.97498,0.96573,0.95632,0.94707,0.94328,0.93818,0.93078,0.92388,0.91867,0.91367,0.90903,0.90517,0.89978,0.89332,0.89092,0.88917,0.8873,0.88232,0.878,0.87346,0.87038,0.8676,0.8656,0.8593,0.847,0.83706,0.82867,0.8173,0.81205,0.80711,0.79299,0.77909,0.77151,0.76344,0.74767,0.73528,0.71996,0.70283,0.69592,0.68981,0.67528,0.66253,0.62433,0.59119,0.56264,0.55655,0.54,0.51902,0.49722,0.47872,0.45978,0.4406,0.42374,0.39258,0.37582,0.36077,0.35,0.32886,0.32073,0.30515,0.28927,0.28252,0.27534,0.27095,0.27207,0.27664,0.27691,0.2734,0.27303,0.2706,0.2675,0.2613,0.25731,0.2439,0.2401,0.23863,0.23576,0.23308,0.22594,0.21934,0.20792,0.19732,0.18156,0.18678,0.17763,0.19123,0.19537,0.18305,0.17267,0.18689,-0.41081,-0.38806,0.9865,0.61089
0.98095,0.98572,0.98725,0.99028,0.99472,0.9957,0.99783,1,0.99962,0.99587,0.99331,0.99049,0.9889,0.98718,0.98346,0.97988,0.97079,0.96153,0.95238,0.9487,0.94384,0.93613,0.92879,0.92332,0.91761,0.9122,0.90777,0.90113,0.89374,0.88932,0.88717,0.88459,0.87884,0.87336,0.86818,0.86386,0.85997,0.85729,0.84976,0.836,0.82563,0.81688,0.80529,0.79969,0.79438,0.77985,0.76554,0.75764,0.74917,0.73297,0.72019,0.70449,0.68722,0.68042,0.67444,0.65968,0.64654,0.60758,0.57434,0.54566,0.53953,0.52279,0.50169,0.48027,0.46224,0.44327,0.42414,0.40747,0.37578,0.35929,0.34444,0.334,0.31305,0.30553,0.28984,0.27482,0.26883,0.2617,0.25858,0.2608,0.266,0.26684,0.26371,0.2631,0.26064,0.25777,0.25176,0.24789,0.23448,0.23056,0.22912,0.22648,0.22416,0.21741,0.21093,0.19942,0.18882,0.17262,0.17766,0.16879,0.18206,0.18647,0.17429,0.1637,0.17561,-0.40455,-0.38419,0.98041,0.59838
0.97876,0.98359,0.98515,0.9884,0.99333,0.99443,0.99677,0.99962,1,0.9969,0.99448,0.99184,0.99034,0.9887,0.9851,0.98152,0.9725,0.96332,0.95421,0.95058,0.94574,0.93785,0.93033,0.92486,0.91904,0.91345,0.90888,0.90192,0.89416,0.88901,0.88672,0.8839,0.87789,0.87212,0.86661,0.86182,0.85745,0.85449,0.8464,0.83208,0.8214,0.81239,0.80056,0.79479,0.78935,0.77466,0.76016,0.75212,0.74352,0.72726,0.71442,0.69855,0.68118,0.67432,0.66832,0.65351,0.64029,0.60115,0.5678,0.539,0.53283,0.51613,0.49509,0.4737,0.4558,0.43704,0.41799,0.40142,0.36971,0.35352,0.33878,0.32836,0.30729,0.29998,0.28425,0.26946,0.26373,0.25671,0.25413,0.25674,0.26222,0.26321,0.26018,0.25955,0.25711,0.25415,0.24821,0.24436,0.23103,0.22703,0.22555,0.22285,0.22058,0.21386,0.20738,0.19594,0.18536,0.16925,0.17433,0.1657,0.17864,0.18313,0.17104,0.16035,0.17167,-0.40258,-0.38275,0.97817,0.59317
0.97189,0.9771,0.97878,0.98242,0.98826,0.98957,0.99237,0.99587,0.9969,1,0.99865,0.99641,0.99508,0.99359,0.99043,0.98738,0.97945,0.97079,0.96189,0.95848,0.95376,0.94566,0.93767,0.93192,0.92526,0.91893,0.91388,0.90542,0.89637,0.88977,0.88708,0.88351,0.87613,0.86913,0.86218,0.8561,0.85066,0.84655,0.83647,0.82044,0.80928,0.79989,0.78715,0.78101,0.77521,0.75942,0.74431,0.73616,0.72734,0.71085,0.69783,0.68163,0.66368,0.65653,0.65033,0.63533,0.62182,0.58209,0.54785,0.51916,0.51306,0.49606,0.47477,0.45354,0.43589,0.41755,0.39842,0.38198,0.35062,0.33467,0.32032,0.30996,0.28857,0.28095,0.26466,0.25028,0.24496,0.23816,0.23636,0.24026,0.24622,0.24789,0.24568,0.24499,0.24279,0.24,0.23447,0.23113,0.21835,0.21469,0.21367,0.21078,0.20872,0.20222,0.19618,0.18417,0.17389,0.15806,0.16325,0.15514,0.16612,0.17157,0.15918,0.14832,0.15679,-0.39581,-0.37634,0.9712,0.57716
0.96764,0.97292,0.97467,0.97858,0.98503,0.98648,0.98952,0.99331,0.99448,0.99865,1,0.99877,0.99763,0.9963,0.99345,0.99061,0.98298,0.97435,0.96547,0.96201,0.95709,0.94892,0.94066,0.93495,0.92836,0.92164,0.91621,0.90697,0.89724,0.8901,0.88723,0.88317,0.87525,0.86749,0.86002,0.85328,0.84687,0.84216,0.83118,0.81425,0.80254,0.79256,0.77937,0.77297,0.76711,0.75084,0.73533,0.72697,0.71785,0.7009,0.68745,0.67078,0.65251,0.64524,0.639,0.62389,0.61027,0.56994,0.53571,0.50732,0.50138,0.48425,0.46313,0.44203,0.4246,0.40655,0.38751,0.3713,0.34042,0.32464,0.31042,0.30014,0.27843,0.27133,0.25521,0.24108,0.23608,0.22931,0.22823,0.23284,0.23886,0.24084,0.23911,0.23875,0.2366,0.23381,0.22851,0.22534,0.21287,0.20901,0.20819,0.20524,0.20312,0.19672,0.1908,0.17812,0.16746,0.15167,0.15656,0.1483,0.15879,0.16503,0.15267,0.1419,0.14892,-0.39289,-0.37401,0.96688,0.56757
0.96332,0.96881,0.97067,0.97466,0.9816,0.98317,0.98643,0.99049,0.99184,0.99641,0.99877,1,0.99959,0.99865,0.99602,0.99325,0.98625,0.97801,0.96922,0.96582,0.96076,0.95234,0.94403,0.93825,0.93158,0.92467,0.9189,0.90927,0.89904,0.89097,0.88783,0.88309,0.87497,0.86681,0.85876,0.85149,0.84441,0.83918,0.82708,0.80943,0.79728,0.78685,0.77272,0.76598,0.76008,0.74363,0.72749,0.71876,0.70935,0.69225,0.67858,0.6616,0.64301,0.63554,0.62906,0.61366,0.6,0.55906,0.52457,0.49609,0.49021,0.47317,0.45192,0.43067,0.41333,0.39555,0.37662,0.36043,0.32979,0.31432,0.30036,0.29061,0.26901,0.26186,0.24604,0.23211,0.22739,0.22069,0.22005,0.22493,0.23077,0.23292,0.23156,0.23121,0.22916,0.22635,0.22107,0.2181,0.20568,0.2018,0.20113,0.19838,0.19619,0.18993,0.18441,0.17165,0.16097,0.14579,0.1503,0.14226,0.15293,0.15916,0.14688,0.13609,0.14177,-0.38836,-0.36982,0.9625,0.55748
0.9608,0.9664,0.9683,0.97236,0.97955,0.98121,0.98461,0.9889,0.99034,0.99508,0.99763,0.99959,1,0.99957,0.99722,0.99454,0.9878,0.97981,0.97126,0.96786,0.96273,0.9542,0.94583,0.94004,0.93337,0.92622,0.92038,0.91057,0.90002,0.89137,0.88804,0.88289,0.87458,0.86622,0.85783,0.85009,0.84264,0.83712,0.82456,0.80633,0.79394,0.78332,0.76861,0.76167,0.75564,0.73897,0.72249,0.71359,0.70406,0.68693,0.67325,0.65622,0.63752,0.62994,0.62332,0.6077,0.59397,0.55283,0.51815,0.48939,0.48354,0.46652,0.44504,0.42374,0.40653,0.38886,0.36992,0.35373,0.32316,0.30787,0.29393,0.28442,0.26298,0.25577,0.23994,0.22623,0.22173,0.21511,0.21469,0.21983,0.22564,0.22792,0.22683,0.22646,0.22449,0.22177,0.21665,0.21379,0.20139,0.19733,0.19669,0.19407,0.1918,0.18554,0.1802,0.16752,0.15704,0.14264,0.14696,0.13903,0.14965,0.15581,0.1438,0.13314,0.13852,-0.38578,-0.36787,0.95993,0.55156
0.95787,0.96362,0.96558,0.96979,0.97725,0.979,0.9826,0.98718,0.9887,0.99359,0.9963,0.99865,0.99957,1,0.99848,0.99594,0.98929,0.98162,0.97327,0.96986,0.96472,0.95607,0.94763,0.94173,0.93498,0.92754,0.92153,0.91154,0.90075,0.89143,0.88793,0.88237,0.87376,0.8651,0.85642,0.84831,0.84064,0.83491,0.8219,0.80306,0.7904,0.77954,0.76443,0.75734,0.75124,0.73436,0.71741,0.70828,0.69856,0.68119,0.66744,0.65034,0.63145,0.62376,0.61705,0.60136,0.58767,0.54638,0.51163,0.48273,0.47689,0.45982,0.43822,0.41698,0.39984,0.38217,0.36313,0.34688,0.31639,0.30142,0.28758,0.27831,0.257,0.24975,0.234,0.2205,0.21623,0.20961,0.20951,0.21504,0.2209,0.22332,0.22232,0.222,0.2202,0.21756,0.21262,0.20989,0.19753,0.19296,0.19225,0.18955,0.18727,0.18112,0.17595,0.16334,0.15293,0.13878,0.14291,0.13511,0.14637,0.15232,0.14041,0.1298,0.13462,-0.38362,-0.36609,0.95697,0.54567
0.95255,0.95861,0.9607,0.9651,0.97297,0.97481,0.97865,0.98346,0.9851,0.99043,0.99345,0.99602,0.99722,0.99848,1,0.99863,0.99203,0.98455,0.97625,0.97278,0.96763,0.95881,0.95026,0.94404,0.9372,0.92943,0.92306,0.91234,0.90127,0.89123,0.88753,0.88137,0.87213,0.86283,0.85394,0.84546,0.83722,0.83057,0.8169,0.79722,0.78409,0.77293,0.75744,0.75021,0.74402,0.72671,0.70952,0.70023,0.69038,0.67275,0.65857,0.64105,0.62172,0.61377,0.60675,0.59075,0.57699,0.53541,0.50029,0.47149,0.46571,0.44862,0.4271,0.40598,0.38901,0.37153,0.35236,0.33588,0.30545,0.29085,0.2775,0.26856,0.24715,0.23988,0.22456,0.21116,0.20729,0.2007,0.20137,0.20711,0.21299,0.21563,0.21454,0.21442,0.21291,0.21031,0.20527,0.20273,0.19062,0.18599,0.1851,0.18239,0.17995,0.17387,0.16887,0.15648,0.14594,0.13192,0.13603,0.12801,0.14045,0.14587,0.13399,0.12385,0.12897,-0.3788,-0.36205,0.95161,0.53509
0.94835,0.95445,0.95661,0.96106,0.96909,0.97092,0.97498,0.97988,0.98152,0.98738,0.99061,0.99325,0.99454,0.99594,0.99863,1,0.99457,0.98719,0.97912,0.97569,0.97063,0.96192,0.95313,0.94669,0.93974,0.93172,0.92496,0.91361,0.90209,0.89138,0.8875,0.8811,0.87153,0.86194,0.85247,0.84372,0.8349,0.82722,0.81268,0.79231,0.77858,0.76698,0.75114,0.74386,0.73757,0.71997,0.70271,0.69335,0.68338,0.66553,0.65083,0.63285,0.6131,0.60499,0.59783,0.58182,0.56791,0.52595,0.49072,0.46218,0.45662,0.43964,0.41801,0.397,0.3802,0.36295,0.34376,0.32739,0.2969,0.28181,0.26853,0.25957,0.23824,0.23116,0.21661,0.2032,0.19937,0.19235,0.19341,0.19926,0.20521,0.20818,0.20754,0.20787,0.20653,0.20412,0.19911,0.19676,0.18509,0.18048,0.1795,0.17678,0.17442,0.16831,0.16312,0.15082,0.14012,0.12616,0.13034,0.12198,0.13407,0.13999,0.12852,0.11878,0.1236,-0.37578,-0.36121,0.94733,0.52604
0.93875,0.94523,0.94747,0.95198,0.95983,0.96157,0.96573,0.97079,0.9725,0.97945,0.98298,0.98625,0.9878,0.98929,0.99203,0.99457,1,0.99417,0.98671,0.98349,0.97846,0.96971,0.96065,0.95377,0.94621,0.93788,0.93101,0.91885,0.90595,0.89387,0.88961,0.88244,0.87113,0.86013,0.84861,0.83927,0.82945,0.8206,0.8043,0.78301,0.76837,0.75638,0.74018,0.73262,0.72563,0.70627,0.68841,0.67887,0.66856,0.65046,0.63539,0.61673,0.5959,0.58733,0.57976,0.56335,0.54893,0.50592,0.46872,0.43931,0.43375,0.41675,0.39501,0.37407,0.35732,0.34045,0.32134,0.30464,0.27418,0.25832,0.24495,0.23626,0.21612,0.20927,0.19572,0.1826,0.1788,0.1713,0.17282,0.17981,0.18598,0.18917,0.18926,0.19041,0.189,0.18732,0.1829,0.18128,0.17032,0.16706,0.16621,0.16381,0.16147,0.15594,0.15119,0.14023,0.12922,0.11517,0.11929,0.1109,0.11965,0.12592,0.11546,0.10662,0.11053,-0.37268,-0.35709,0.93757,0.50343
0.92874,0.9352,0.93758,0.94226,0.95034,0.95213,0.95632,0.96153,0.96332,0.97079,0.97435,0.97801,0.97981,0.98162,0.98455,0.98719,0.99417,1,0.99423,0.99126,0.98663,0.97834,0.96923,0.96221,0.95408,0.94525,0.93839,0.92504,0.91041,0.89664,0.89211,0.88424,0.87135,0.85874,0.84617,0.83534,0.82374,0.81364,0.79549,0.7731,0.75766,0.74498,0.72686,0.71826,0.71062,0.69076,0.67288,0.66313,0.65203,0.63321,0.61763,0.59831,0.57719,0.56863,0.56128,0.54495,0.53043,0.48598,0.44819,0.4188,0.41299,0.39567,0.37327,0.35229,0.33582,0.31881,0.29972,0.28286,0.25204,0.23675,0.22325,0.21426,0.19462,0.18882,0.17639,0.16415,0.16039,0.15241,0.15504,0.16301,0.16982,0.17337,0.17441,0.17647,0.17518,0.17483,0.17122,0.17031,0.16033,0.15704,0.15631,0.15423,0.15253,0.1476,0.14339,0.13348,0.12244,0.10991,0.11394,0.10561,0.11154,0.11754,0.10611,0.097166,0.10247,-0.3643,-0.34933,0.92741,0.48285
0.91907,0.92559,0.92815,0.93279,0.94101,0.94284,0.94707,0.95238,0.95421,0.96189,0.96547,0.96922,0.97126,0.97327,0.97625,0.97912,0.98671,0.99423,1,0.99861,0.99423,0.98558,0.97647,0.96844,0.95979,0.95082,0.94341,0.92921,0.91382,0.89869,0.89369,0.88462,0.87138,0.85753,0.84381,0.83196,0.81929,0.80793,0.78883,0.76453,0.74833,0.73502,0.71601,0.70673,0.69882,0.67821,0.66013,0.65044,0.63922,0.61968,0.60352,0.58373,0.56214,0.55347,0.54631,0.53042,0.51595,0.47041,0.43206,0.40205,0.39627,0.37904,0.35622,0.33529,0.31906,0.30254,0.28411,0.26773,0.23708,0.22184,0.20883,0.2,0.18033,0.17433,0.16282,0.15114,0.14736,0.14041,0.14432,0.15269,0.15909,0.16257,0.16411,0.1674,0.16605,0.16646,0.16388,0.16345,0.15408,0.15131,0.15028,0.14769,0.14605,0.14171,0.13785,0.12882,0.11831,0.10492,0.10913,0.10119,0.10522,0.11119,0.099301,0.090201,0.094431,-0.35555,-0.34093,0.91768,0.4658
0.91547,0.92193,0.92447,0.92897,0.93723,0.93903,0.94328,0.9487,0.95058,0.95848,0.96201,0.96582,0.96786,0.96986,0.97278,0.97569,0.98349,0.99126,0.99861,1,0.99726,0.98896,0.97996,0.97169,0.96288,0.95356,0.94568,0.93084,0.91539,0.89957,0.89442,0.88521,0.87166,0.85728,0.84296,0.8308,0.8179,0.80644,0.78712,0.7621,0.74586,0.73225,0.71289,0.70344,0.69534,0.67467,0.6566,0.64687,0.63548,0.61575,0.59943,0.57928,0.55739,0.54863,0.54143,0.52547,0.51082,0.46521,0.42669,0.39682,0.39095,0.37385,0.35089,0.32984,0.31384,0.29733,0.2792,0.26298,0.23209,0.2171,0.20417,0.19567,0.17584,0.16973,0.15874,0.14734,0.14366,0.13689,0.14134,0.15008,0.1568,0.16035,0.16177,0.16522,0.16377,0.16442,0.16189,0.16152,0.15221,0.14905,0.14806,0.14565,0.14384,0.13934,0.1355,0.1264,0.116,0.10192,0.10629,0.098196,0.10183,0.10752,0.095265,0.086053,0.089762,-0.35231,-0.33872,0.91407,0.46027
0.91084,0.91713,0.91959,0.924,0.93213,0.93388,0.93818,0.94384,0.94574,0.95376,0.95709,0.96076,0.96273,0.96472,0.96763,0.97063,0.97846,0.98663,0.99423,0.99726,1,0.99399,0.98514,0.97695,0.96776,0.95799,0.94939,0.93366,0.91773,0.90123,0.89585,0.88624,0.87197,0.85684,0.84211,0.82937,0.81637,0.80476,0.785,0.75897,0.74249,0.72876,0.70946,0.69994,0.69145,0.6707,0.65269,0.64299,0.6313,0.61111,0.59436,0.57364,0.55182,0.54312,0.53587,0.51974,0.50482,0.45883,0.42004,0.39025,0.38419,0.3669,0.3435,0.32277,0.30693,0.29072,0.27257,0.25617,0.22513,0.20939,0.1961,0.18823,0.16836,0.16239,0.15161,0.14058,0.1371,0.13054,0.13571,0.14478,0.15196,0.15584,0.15765,0.16148,0.16017,0.16119,0.15835,0.15813,0.14899,0.1461,0.14532,0.14308,0.14122,0.13654,0.13323,0.12406,0.11415,0.099334,0.10365,0.095172,0.099027,0.1039,0.091983,0.082674,0.086016,-0.34779,-0.33322,0.90941,0.45302
0.90443,0.91043,0.91305,0.9173,0.92486,0.92652,0.93078,0.93613,0.93785,0.94566,0.94892,0.95234,0.9542,0.95607,0.95881,0.96192,0.96971,0.97834,0.98558,0.98896,0.99399,1,0.99394,0.98568,0.97616,0.96617,0.95713,0.94078,0.92344,0.90591,0.90033,0.89028,0.8751,0.85908,0.8437,0.83018,0.81689,0.80472,0.78423,0.75749,0.74063,0.72673,0.70671,0.69679,0.6877,0.666,0.64722,0.63716,0.62496,0.60406,0.58664,0.56555,0.54396,0.53537,0.52819,0.51195,0.49646,0.44873,0.40922,0.3796,0.37343,0.3564,0.33301,0.31217,0.29621,0.27996,0.26174,0.24522,0.21525,0.19914,0.18522,0.17753,0.15816,0.15235,0.14272,0.13216,0.12914,0.12275,0.12729,0.1364,0.1435,0.14732,0.15027,0.15494,0.15448,0.15605,0.15318,0.15323,0.14435,0.14123,0.14091,0.13896,0.13764,0.13333,0.1304,0.12153,0.11079,0.095352,0.099361,0.090436,0.094873,0.099404,0.088528,0.079587,0.084916,-0.33959,-0.3251,0.90292,0.4407
0.89939,0.90478,0.9074,0.91152,0.91857,0.92007,0.92388,0.92879,0.93033,0.93767,0.94066,0.94403,0.94583,0.94763,0.95026,0.95313,0.96065,0.96923,0.97647,0.97996,0.98514,0.99394,1,0.99374,0.98414,0.97412,0.96482,0.94683,0.92867,0.91045,0.90464,0.89375,0.87815,0.86163,0.84565,0.83202,0.81845,0.80638,0.7851,0.75763,0.74022,0.72583,0.70455,0.69373,0.68421,0.66251,0.64333,0.63293,0.62056,0.59915,0.58115,0.55955,0.53814,0.52966,0.52254,0.50635,0.4908,0.44238,0.40249,0.3721,0.36588,0.34954,0.32728,0.30662,0.29086,0.27442,0.25606,0.23946,0.21018,0.19455,0.1805,0.17354,0.1546,0.14904,0.13942,0.12873,0.12609,0.11966,0.12359,0.13354,0.14174,0.14509,0.1477,0.15223,0.15142,0.15335,0.15098,0.15126,0.1423,0.14044,0.1407,0.13883,0.13721,0.133,0.13002,0.12176,0.11116,0.094837,0.099427,0.090985,0.095283,0.10038,0.088679,0.079899,0.085401,-0.33378,-0.31599,0.89784,0.43095
0.89531,0.90017,0.90256,0.90678,0.91353,0.91497,0.91867,0.92332,0.92486,0.93192,0.93495,0.93825,0.94004,0.94173,0.94404,0.94669,0.95377,0.96221,0.96844,0.97169,0.97695,0.98568,0.99374,1,0.99373,0.98378,0.97426,0.95479,0.9357,0.91685,0.91078,0.90003,0.88456,0.86776,0.85141,0.83749,0.82355,0.81129,0.78885,0.76003,0.74197,0.7268,0.70454,0.69289,0.68265,0.66008,0.64046,0.62992,0.61759,0.59593,0.5778,0.55644,0.53498,0.52631,0.51901,0.50219,0.48643,0.43802,0.39773,0.36727,0.36115,0.34455,0.32364,0.3031,0.28719,0.27024,0.25142,0.23493,0.20654,0.19148,0.17764,0.17115,0.15253,0.14627,0.13592,0.12445,0.12149,0.11491,0.11854,0.12884,0.13745,0.14089,0.14339,0.14745,0.14699,0.14861,0.14632,0.14668,0.13701,0.13432,0.13426,0.13257,0.13125,0.12759,0.12506,0.11706,0.1062,0.089048,0.093669,0.085392,0.090865,0.095418,0.083272,0.074895,0.080338,-0.33193,-0.31202,0.89372,0.42424
0.89216,0.8966,0.89886,0.90298,0.9091,0.91037,0.91367,0.91761,0.91904,0.92526,0.92836,0.93158,0.93337,0.93498,0.9372,0.93974,0.94621,0.95408,0.95979,0.96288,0.96776,0.97616,0.98414,0.99373,1,0.99393,0.98459,0.96447,0.94468,0.92615,0.92,0.90851,0.89251,0.87552,0.85886,0.84429,0.82997,0.81712,0.7943,0.76451,0.74605,0.73032,0.70721,0.69548,0.68476,0.66073,0.6405,0.62971,0.61694,0.59437,0.57566,0.5542,0.53269,0.52389,0.5165,0.4997,0.48433,0.43628,0.396,0.36529,0.35886,0.34181,0.32113,0.3004,0.28471,0.2679,0.24951,0.23354,0.20543,0.19029,0.17637,0.17026,0.15161,0.14563,0.13484,0.12216,0.11902,0.11206,0.11469,0.12518,0.13464,0.13815,0.14006,0.14341,0.14308,0.14438,0.14181,0.14194,0.13157,0.12811,0.1281,0.12641,0.12561,0.12228,0.12025,0.11256,0.1022,0.085345,0.090196,0.081984,0.089563,0.094765,0.08256,0.074433,0.08029,-0.33129,-0.30863,0.8907,0.41711
0.89,0.8941,0.8964,0.90022,0.9053,0.90633,0.90903,0.9122,0.91345,0.91893,0.92164,0.92467,0.92622,0.92754,0.92943,0.93172,0.93788,0.94525,0.95082,0.95356,0.95799,0.96617,0.97412,0.98378,0.99393,1,0.99439,0.97456,0.95455,0.93556,0.92934,0.91712,0.90115,0.88387,0.86642,0.85122,0.83585,0.82263,0.80028,0.76994,0.75119,0.73492,0.71121,0.69945,0.68848,0.66328,0.64273,0.63167,0.61842,0.59491,0.57572,0.55433,0.53295,0.52395,0.51627,0.49956,0.48425,0.43618,0.39565,0.36586,0.35973,0.34237,0.32124,0.30015,0.28493,0.26727,0.2483,0.23249,0.2041,0.18886,0.17493,0.1687,0.15003,0.14379,0.13287,0.1199,0.11661,0.11105,0.11376,0.1238,0.13378,0.13697,0.1382,0.14057,0.14018,0.14168,0.13894,0.13919,0.12894,0.12544,0.12517,0.12328,0.12261,0.11952,0.11752,0.11004,0.10071,0.084382,0.08957,0.081596,0.091362,0.097896,0.086385,0.078132,0.082795,-0.33156,-0.30689,0.88868,0.41335
0.88803,0.89184,0.89413,0.89765,0.90219,0.90301,0.90517,0.90777,0.90888,0.91388,0.91621,0.9189,0.92038,0.92153,0.92306,0.92496,0.93101,0.93839,0.94341,0.94568,0.94939,0.95713,0.96482,0.97426,0.98459,0.99439,1,0.98449,0.96439,0.94536,0.93939,0.92663,0.90994,0.89239,0.87494,0.85959,0.84412,0.83077,0.80817,0.77708,0.75825,0.74213,0.71746,0.7056,0.69418,0.66822,0.64729,0.63609,0.62277,0.59887,0.57915,0.55799,0.53669,0.52761,0.51951,0.50253,0.48693,0.43872,0.39665,0.36694,0.36114,0.3438,0.32174,0.30072,0.28577,0.26765,0.248,0.2314,0.20287,0.18783,0.17407,0.16769,0.14912,0.14228,0.13103,0.11779,0.11427,0.10888,0.11132,0.12147,0.13135,0.13421,0.13507,0.13779,0.13868,0.14087,0.13804,0.13847,0.12795,0.1247,0.12423,0.12231,0.1226,0.12021,0.11892,0.11304,0.10472,0.089143,0.094301,0.086694,0.097763,0.10541,0.094083,0.086203,0.090442,-0.33422,-0.30535,0.88686,0.41394
0.88809,0.89111,0.89296,0.89545,0.89835,0.8987,0.89978,0.90113,0.90192,0.90542,0.90697,0.90927,0.91057,0.91154,0.91234,0.91361,0.91885,0.92504,0.92921,0.93084,0.93366,0.94078,0.94683,0.95479,0.96447,0.97456,0.98449,1,0.98489,0.96487,0.9591,0.94605,0.92945,0.91175,0.89396,0.87887,0.86295,0.84913,0.82594,0.79339,0.77405,0.75832,0.73302,0.72076,0.70909,0.68336,0.66166,0.65023,0.63666,0.61085,0.59126,0.5701,0.54894,0.54001,0.53214,0.51533,0.4989,0.45051,0.40894,0.37879,0.37245,0.35469,0.33065,0.3085,0.29283,0.27505,0.25589,0.23929,0.21068,0.19496,0.18122,0.17488,0.15704,0.15066,0.1386,0.12444,0.11996,0.11468,0.11488,0.12373,0.13169,0.13405,0.1354,0.13872,0.13938,0.1423,0.13934,0.13978,0.12868,0.12653,0.12605,0.12385,0.124,0.12144,0.11966,0.11484,0.10698,0.092954,0.099191,0.092645,0.10699,0.11397,0.10362,0.095826,0.10113,-0.34254,-0.30379,0.88703,0.41866
0.88646,0.88842,0.88998,0.89173,0.89303,0.89304,0.89332,0.89374,0.89416,0.89637,0.89724,0.89904,0.90002,0.90075,0.90127,0.90209,0.90595,0.91041,0.91382,0.91539,0.91773,0.92344,0.92867,0.9357,0.94468,0.95455,0.96439,0.98489,1,0.98537,0.97953,0.96619,0.94826,0.92987,0.91182,0.89553,0.87883,0.86534,0.84064,0.80623,0.7871,0.77157,0.74562,0.73243,0.72014,0.69441,0.67262,0.66113,0.6474,0.62146,0.60202,0.58048,0.55912,0.55026,0.54241,0.52532,0.50865,0.46084,0.41941,0.38905,0.38239,0.36467,0.33982,0.31682,0.29863,0.279,0.2597,0.24304,0.2157,0.19998,0.18571,0.17864,0.16038,0.15364,0.14156,0.1278,0.12219,0.11519,0.11415,0.12197,0.12967,0.13137,0.13062,0.13334,0.13324,0.13666,0.1343,0.13444,0.12322,0.12089,0.12061,0.11917,0.11907,0.11615,0.1157,0.11204,0.10555,0.093354,0.10105,0.094561,0.11035,0.11602,0.10784,0.10005,0.10562,-0.3487,-0.30966,0.88547,0.42464
0.89006,0.89094,0.89213,0.89296,0.89232,0.89182,0.89092,0.88932,0.88901,0.88977,0.8901,0.89097,0.89137,0.89143,0.89123,0.89138,0.89387,0.89664,0.89869,0.89957,0.90123,0.90591,0.91045,0.91685,0.92615,0.93556,0.94536,0.96487,0.98537,1,0.99801,0.98682,0.96801,0.95022,0.933,0.91713,0.90068,0.88755,0.86276,0.82883,0.81028,0.79528,0.76938,0.75555,0.74248,0.71656,0.69459,0.68282,0.66913,0.64395,0.62473,0.60287,0.58163,0.57302,0.5654,0.54872,0.53248,0.48574,0.44327,0.4137,0.40703,0.38984,0.36544,0.34238,0.32297,0.30237,0.28226,0.26531,0.23726,0.21949,0.20444,0.19784,0.18052,0.17284,0.16066,0.1466,0.13998,0.1315,0.12986,0.13646,0.14386,0.1448,0.14214,0.14454,0.1444,0.14711,0.144,0.14394,0.1319,0.12761,0.12725,0.12584,0.12555,0.12228,0.12187,0.11979,0.11441,0.10134,0.10879,0.10279,0.12304,0.12757,0.11912,0.11151,0.11744,-0.36098,-0.32322,0.88932,0.44349
0.88978,0.89037,0.89145,0.89198,0.89089,0.89026,0.88917,0.88717,0.88672,0.88708,0.88723,0.88783,0.88804,0.88793,0.88753,0.8875,0.88961,0.89211,0.89369,0.89442,0.89585,0.90033,0.90464,0.91078,0.92,0.92934,0.93939,0.9591,0.97953,0.99801,1,0.99239,0.97382,0.956,0.93917,0.92345,0.90711,0.89379,0.86848,0.83454,0.81629,0.80149,0.77545,0.76162,0.7484,0.72239,0.70031,0.68856,0.67485,0.64977,0.63033,0.60824,0.58685,0.57816,0.57044,0.55382,0.53766,0.49091,0.44822,0.41854,0.41189,0.3946,0.37001,0.3467,0.32734,0.30691,0.28675,0.26988,0.24165,0.22367,0.20819,0.20165,0.18495,0.1773,0.16518,0.1509,0.14375,0.13482,0.13264,0.13864,0.14549,0.14621,0.14353,0.14634,0.14616,0.14863,0.14566,0.14556,0.13318,0.12872,0.12846,0.12699,0.12674,0.12371,0.12334,0.12171,0.11699,0.10463,0.11259,0.10668,0.12746,0.13232,0.12365,0.11625,0.12299,-0.36478,-0.32748,0.88909,0.44705
0.89156,0.89135,0.89205,0.89191,0.88976,0.88881,0.8873,0.88459,0.8839,0.88351,0.88317,0.88309,0.88289,0.88237,0.88137,0.8811,0.88244,0.88424,0.88462,0.88521,0.88624,0.89028,0.89375,0.90003,0.90851,0.91712,0.92663,0.94605,0.96619,0.98682,0.99239,1,0.98689,0.96898,0.95235,0.93699,0.92077,0.90734,0.88223,0.84884,0.8307,0.81616,0.79016,0.77641,0.76303,0.73765,0.71544,0.70378,0.69002,0.66481,0.6449,0.62218,0.59997,0.59089,0.58288,0.566,0.54977,0.50291,0.46005,0.43024,0.42388,0.4066,0.38222,0.35831,0.33928,0.31886,0.29808,0.28086,0.25202,0.23378,0.21766,0.21083,0.19516,0.18785,0.17553,0.16101,0.15311,0.14389,0.14047,0.1446,0.15078,0.15118,0.14862,0.15149,0.15133,0.1539,0.15089,0.15076,0.13753,0.13206,0.13111,0.12922,0.12849,0.1258,0.12491,0.12318,0.11919,0.1069,0.11593,0.11029,0.13075,0.13649,0.12727,0.12016,0.12818,-0.37662,-0.33774,0.89095,0.45551
0.89056,0.88922,0.88952,0.88864,0.88559,0.88435,0.88232,0.87884,0.87789,0.87613,0.87525,0.87497,0.87458,0.87376,0.87213,0.87153,0.87113,0.87135,0.87138,0.87166,0.87197,0.8751,0.87815,0.88456,0.89251,0.90115,0.90994,0.92945,0.94826,0.96801,0.97382,0.98689,1,0.98815,0.97075,0.95418,0.93765,0.92305,0.89685,0.86394,0.8457,0.83098,0.80418,0.79016,0.7768,0.75193,0.73,0.71864,0.7052,0.67924,0.65832,0.63638,0.61487,0.60597,0.59819,0.58097,0.56445,0.51628,0.47422,0.44445,0.43855,0.4221,0.39775,0.37329,0.35435,0.33369,0.31289,0.29514,0.26461,0.24678,0.23128,0.22556,0.21051,0.20389,0.19143,0.17669,0.16793,0.15909,0.15203,0.15332,0.15925,0.15922,0.15659,0.15968,0.15864,0.1617,0.15946,0.15926,0.14511,0.13941,0.13757,0.13563,0.13359,0.12998,0.12798,0.12638,0.12376,0.11391,0.12304,0.11719,0.13939,0.14453,0.13509,0.12763,0.13644,-0.38455,-0.34629,0.89008,0.46796
0.88935,0.88737,0.88752,0.88607,0.88212,0.8806,0.878,0.87336,0.87212,0.86913,0.86749,0.86681,0.86622,0.8651,0.86283,0.86194,0.86013,0.85874,0.85753,0.85728,0.85684,0.85908,0.86163,0.86776,0.87552,0.88387,0.89239,0.91175,0.92987,0.95022,0.956,0.96898,0.98815,1,0.98865,0.97155,0.9537,0.93779,0.91161,0.87899,0.861,0.84613,0.81878,0.80462,0.79161,0.76752,0.7461,0.73451,0.72091,0.69458,0.67365,0.65271,0.63158,0.62263,0.6148,0.59781,0.58134,0.53368,0.49147,0.46099,0.45508,0.43957,0.41599,0.39053,0.37012,0.34877,0.32713,0.30826,0.27624,0.25798,0.24295,0.23746,0.22261,0.21586,0.20409,0.18903,0.17999,0.17217,0.16352,0.16247,0.16703,0.16629,0.16393,0.16706,0.16566,0.16759,0.1659,0.16545,0.15039,0.14442,0.14222,0.14052,0.13787,0.13365,0.13111,0.12892,0.12756,0.11971,0.13019,0.12432,0.14877,0.1533,0.14567,0.13891,0.1467,-0.39677,-0.3564,0.88895,0.48128
0.8875,0.88484,0.88476,0.88286,0.87827,0.87653,0.87346,0.86818,0.86661,0.86218,0.86002,0.85876,0.85783,0.85642,0.85394,0.85247,0.84861,0.84617,0.84381,0.84296,0.84211,0.8437,0.84565,0.85141,0.85886,0.86642,0.87494,0.89396,0.91182,0.933,0.93917,0.95235,0.97075,0.98865,1,0.98942,0.97099,0.95422,0.92657,0.89409,0.8768,0.86184,0.83483,0.82125,0.80876,0.78524,0.76437,0.75253,0.73874,0.71199,0.69137,0.67108,0.64989,0.64084,0.6329,0.61603,0.59997,0.55213,0.50925,0.47786,0.47162,0.45633,0.43312,0.40727,0.38701,0.36559,0.34364,0.32419,0.29118,0.27267,0.25812,0.25209,0.23719,0.2301,0.21872,0.20284,0.19335,0.18509,0.17461,0.17184,0.17638,0.17549,0.17286,0.17625,0.17513,0.17608,0.17393,0.17283,0.15561,0.14897,0.14691,0.14586,0.14361,0.13954,0.13665,0.13492,0.1336,0.12756,0.13798,0.13171,0.15847,0.16271,0.15592,0.14972,0.15954,-0.40177,-0.35832,0.88723,0.49432
0.88799,0.88454,0.88405,0.88151,0.87609,0.87404,0.87038,0.86386,0.86182,0.8561,0.85328,0.85149,0.85009,0.84831,0.84546,0.84372,0.83927,0.83534,0.83196,0.8308,0.82937,0.83018,0.83202,0.83749,0.84429,0.85122,0.85959,0.87887,0.89553,0.91713,0.92345,0.93699,0.95418,0.97155,0.98942,1,0.9894,0.97306,0.94295,0.91076,0.8939,0.87964,0.85286,0.83908,0.82622,0.80218,0.78239,0.77077,0.75698,0.73058,0.70981,0.68966,0.6683,0.65906,0.65125,0.63519,0.61962,0.57352,0.53109,0.49983,0.49351,0.47826,0.45551,0.42976,0.40979,0.38842,0.36658,0.34714,0.31358,0.29545,0.27957,0.27281,0.25786,0.25041,0.23885,0.22338,0.21412,0.20573,0.19433,0.19081,0.19467,0.19347,0.19024,0.19274,0.19085,0.19054,0.18773,0.18625,0.16896,0.16042,0.15734,0.15648,0.15511,0.15091,0.14813,0.14604,0.14473,0.13821,0.14732,0.14117,0.16832,0.17268,0.16512,0.15838,0.17076,-0.40563,-0.35932,0.88785,0.50854
0.88795,0.88411,0.88333,0.88021,0.87384,0.87161,0.8676,0.85997,0.85745,0.85066,0.84687,0.84441,0.84264,0.84064,0.83722,0.8349,0.82945,0.82374,0.81929,0.8179,0.81637,0.81689,0.81845,0.82355,0.82997,0.83585,0.84412,0.86295,0.87883,0.90068,0.90711,0.92077,0.93765,0.9537,0.97099,0.9894,1,0.99042,0.95949,0.92752,0.91131,0.89712,0.87003,0.85619,0.84309,0.8201,0.80031,0.78868,0.77528,0.74886,0.72807,0.70885,0.68833,0.67941,0.67181,0.65566,0.64004,0.59609,0.55467,0.52266,0.51604,0.50067,0.47792,0.45182,0.43077,0.40969,0.38785,0.36778,0.33343,0.31512,0.29867,0.29297,0.27864,0.27079,0.2579,0.24272,0.23347,0.22498,0.21193,0.20751,0.21106,0.20938,0.20546,0.20707,0.20541,0.2046,0.20133,0.19982,0.18281,0.17476,0.17205,0.17115,0.16931,0.16509,0.16194,0.15978,0.15914,0.15192,0.16152,0.1559,0.18471,0.18809,0.18052,0.17363,0.18967,-0.40322,-0.36049,0.88792,0.52604
0.88822,0.88435,0.88322,0.87955,0.87235,0.87003,0.8656,0.85729,0.85449,0.84655,0.84216,0.83918,0.83712,0.83491,0.83057,0.82722,0.8206,0.81364,0.80793,0.80644,0.80476,0.80472,0.80638,0.81129,0.81712,0.82263,0.83077,0.84913,0.86534,0.88755,0.89379,0.90734,0.92305,0.93779,0.95422,0.97306,0.99042,1,0.97586,0.94394,0.92819,0.91363,0.88646,0.87281,0.85987,0.83806,0.81825,0.80677,0.79398,0.7675,0.74687,0.72826,0.70809,0.69904,0.6913,0.67441,0.6585,0.61529,0.5747,0.5427,0.53564,0.51984,0.49562,0.46908,0.44708,0.42607,0.40421,0.38403,0.35032,0.33235,0.31544,0.3103,0.29577,0.28708,0.27247,0.25723,0.24801,0.24011,0.22566,0.21985,0.22278,0.2203,0.21604,0.2173,0.21584,0.21461,0.21164,0.21013,0.19359,0.18665,0.18443,0.18385,0.18221,0.17815,0.17462,0.17242,0.1722,0.1633,0.17378,0.1685,0.19461,0.19786,0.19024,0.18329,0.19963,-0.40869,-0.36874,0.88825,0.54133
0.88687,0.88247,0.88105,0.8762,0.86739,0.86456,0.8593,0.84976,0.8464,0.83647,0.83118,0.82708,0.82456,0.8219,0.8169,0.81268,0.8043,0.79549,0.78883,0.78712,0.785,0.78423,0.7851,0.78885,0.7943,0.80028,0.80817,0.82594,0.84064,0.86276,0.86848,0.88223,0.89685,0.91161,0.92657,0.94295,0.95949,0.97586,1,0.97619,0.96041,0.94511,0.91749,0.904,0.89154,0.87044,0.85129,0.8401,0.82786,0.8022,0.78239,0.76389,0.74477,0.73567,0.72757,0.70972,0.69341,0.65252,0.61259,0.58271,0.57586,0.56003,0.53401,0.50505,0.48258,0.46146,0.44,0.42025,0.3871,0.36837,0.35192,0.34641,0.33105,0.31964,0.30425,0.28876,0.27898,0.26992,0.25599,0.24867,0.2487,0.24541,0.2409,0.24205,0.24001,0.23802,0.23429,0.23174,0.21511,0.20982,0.20656,0.20651,0.20582,0.20215,0.19992,0.19883,0.20021,0.1928,0.20298,0.19838,0.2199,0.22293,0.21395,0.20713,0.22177,-0.40925,-0.37358,0.8871,0.57218
0.87895,0.87403,0.87234,0.86677,0.85643,0.85324,0.847,0.836,0.83208,0.82044,0.81425,0.80943,0.80633,0.80306,0.79722,0.79231,0.78301,0.7731,0.76453,0.7621,0.75897,0.75749,0.75763,0.76003,0.76451,0.76994,0.77708,0.79339,0.80623,0.82883,0.83454,0.84884,0.86394,0.87899,0.89409,0.91076,0.92752,0.94394,0.97619,1,0.99275,0.97858,0.94987,0.93626,0.9238,0.9033,0.88617,0.87548,0.86375,0.83755,0.81739,0.79906,0.78099,0.77255,0.76506,0.74869,0.73304,0.6953,0.65451,0.62376,0.61691,0.60136,0.57611,0.54852,0.5264,0.50496,0.48269,0.46219,0.42877,0.40944,0.39234,0.38525,0.37064,0.35732,0.34181,0.32616,0.31504,0.30535,0.28968,0.28042,0.27793,0.27362,0.26759,0.26876,0.26596,0.26356,0.25743,0.25428,0.2368,0.22962,0.22522,0.22538,0.22471,0.22094,0.21788,0.21605,0.21645,0.2088,0.2181,0.2141,0.23144,0.23798,0.22923,0.22297,0.23682,-0.41502,-0.37119,0.8795,0.59872
0.87128,0.86603,0.86411,0.85797,0.84712,0.84377,0.83706,0.82563,0.8214,0.80928,0.80254,0.79728,0.79394,0.7904,0.78409,0.77858,0.76837,0.75766,0.74833,0.74586,0.74249,0.74063,0.74022,0.74197,0.74605,0.75119,0.75825,0.77405,0.7871,0.81028,0.81629,0.8307,0.8457,0.861,0.8768,0.8939,0.91131,0.92819,0.96041,0.99275,1,0.99282,0.96594,0.95221,0.93956,0.91892,0.90195,0.8916,0.88058,0.85539,0.83586,0.81782,0.79999,0.7918,0.78433,0.76784,0.75213,0.71504,0.67456,0.64255,0.63552,0.62012,0.59508,0.5685,0.54626,0.52421,0.50213,0.48243,0.4493,0.42983,0.41275,0.40522,0.39091,0.3775,0.36196,0.34642,0.33498,0.32511,0.30831,0.2986,0.29576,0.29141,0.28588,0.28755,0.28477,0.28189,0.27525,0.27174,0.2538,0.24559,0.2411,0.24135,0.2403,0.2358,0.23207,0.23005,0.22955,0.22095,0.23039,0.2265,0.24533,0.25203,0.24469,0.23881,0.2498,-0.41599,-0.37064,0.87202,0.61451
0.86492,0.85939,0.85722,0.85061,0.83935,0.83586,0.82867,0.81688,0.81239,0.79989,0.79256,0.78685,0.78332,0.77954,0.77293,0.76698,0.75638,0.74498,0.73502,0.73225,0.72876,0.72673,0.72583,0.7268,0.73032,0.73492,0.74213,0.75832,0.77157,0.79528,0.80149,0.81616,0.83098,0.84613,0.86184,0.87964,0.89712,0.91363,0.94511,0.97858,0.99282,1,0.98136,0.9678,0.95473,0.93289,0.91539,0.90517,0.89459,0.87016,0.85157,0.83428,0.8166,0.80851,0.80094,0.78455,0.76908,0.73218,0.69146,0.6585,0.65132,0.63581,0.61044,0.58403,0.56165,0.53914,0.51763,0.49921,0.46597,0.44636,0.4296,0.42203,0.40734,0.39426,0.37902,0.36354,0.35221,0.34184,0.32382,0.31324,0.31032,0.30591,0.30085,0.3024,0.29926,0.29554,0.28841,0.28469,0.26689,0.2574,0.25253,0.25225,0.25025,0.24492,0.24001,0.23689,0.23662,0.22675,0.23705,0.23385,0.25429,0.26115,0.2545,0.2488,0.25891,-0.42245,-0.37575,0.86584,0.6268
0.85631,0.8503,0.84755,0.84049,0.8289,0.8251,0.8173,0.80529,0.80056,0.78715,0.77937,0.77272,0.76861,0.76443,0.75744,0.75114,0.74018,0.72686,0.71601,0.71289,0.70946,0.70671,0.70455,0.70454,0.70721,0.71121,0.71746,0.73302,0.74562,0.76938,0.77545,0.79016,0.80418,0.81878,0.83483,0.85286,0.87003,0.88646,0.91749,0.94987,0.96594,0.98136,1,0.9943,0.9828,0.9592,0.93912,0.9287,0.9178,0.89448,0.87625,0.85953,0.84309,0.83539,0.82801,0.8122,0.79656,0.75877,0.71718,0.6848,0.6778,0.66268,0.63762,0.61048,0.58733,0.56477,0.54391,0.52647,0.49443,0.47365,0.45681,0.4491,0.43482,0.4209,0.40472,0.38895,0.37738,0.36628,0.34841,0.33479,0.33245,0.32779,0.32227,0.32287,0.319,0.3128,0.30528,0.30116,0.28439,0.27489,0.26892,0.26767,0.2644,0.2595,0.25435,0.24979,0.24931,0.23723,0.24994,0.24878,0.27116,0.27911,0.27302,0.26726,0.27829,-0.43392,-0.38306,0.85756,0.64949
0.85204,0.84598,0.84297,0.83571,0.82391,0.82,0.81205,0.79969,0.79479,0.78101,0.77297,0.76598,0.76167,0.75734,0.75021,0.74386,0.73262,0.71826,0.70673,0.70344,0.69994,0.69679,0.69373,0.69289,0.69548,0.69945,0.7056,0.72076,0.73243,0.75555,0.76162,0.77641,0.79016,0.80462,0.82125,0.83908,0.85619,0.87281,0.904,0.93626,0.95221,0.9678,0.9943,1,0.9944,0.97228,0.95081,0.9404,0.92983,0.90726,0.88926,0.87301,0.85672,0.84889,0.84142,0.82574,0.81012,0.77222,0.73047,0.69832,0.69112,0.67617,0.65211,0.62534,0.60276,0.58119,0.56027,0.54305,0.51176,0.49029,0.47392,0.46619,0.45226,0.43843,0.42104,0.40424,0.39214,0.38004,0.36156,0.34646,0.34435,0.33957,0.33321,0.33329,0.32844,0.32188,0.31406,0.30965,0.29274,0.28394,0.27802,0.27636,0.27268,0.26777,0.26307,0.25814,0.25767,0.24582,0.25806,0.25719,0.28132,0.28946,0.28383,0.27804,0.28804,-0.43467,-0.38191,0.85348,0.66082
0.84806,0.84191,0.83868,0.83121,0.8192,0.81517,0.80711,0.79438,0.78935,0.77521,0.76711,0.76008,0.75564,0.75124,0.74402,0.73757,0.72563,0.71062,0.69882,0.69534,0.69145,0.6877,0.68421,0.68265,0.68476,0.68848,0.69418,0.70909,0.72014,0.74248,0.7484,0.76303,0.7768,0.79161,0.80876,0.82622,0.84309,0.85987,0.89154,0.9238,0.93956,0.95473,0.9828,0.9944,1,0.98548,0.96416,0.95373,0.94338,0.92126,0.9033,0.88742,0.87141,0.86351,0.85618,0.84084,0.82533,0.78671,0.74603,0.71439,0.70729,0.69269,0.66945,0.64279,0.62047,0.5996,0.57924,0.562,0.53184,0.51107,0.49551,0.4871,0.47265,0.45867,0.4402,0.42262,0.40989,0.39644,0.37718,0.36085,0.35869,0.35341,0.34542,0.34506,0.34005,0.33355,0.32578,0.3211,0.30376,0.29343,0.28742,0.28554,0.28116,0.27599,0.27121,0.26631,0.26579,0.25374,0.26494,0.26372,0.28829,0.29584,0.29029,0.28446,0.29255,-0.43528,-0.38136,0.84964,0.67501
0.83682,0.8301,0.8264,0.81832,0.80553,0.8013,0.79299,0.77985,0.77466,0.75942,0.75084,0.74363,0.73897,0.73436,0.72671,0.71997,0.70627,0.69076,0.67821,0.67467,0.6707,0.666,0.66251,0.66008,0.66073,0.66328,0.66822,0.68336,0.69441,0.71656,0.72239,0.73765,0.75193,0.76752,0.78524,0.80218,0.8201,0.83806,0.87044,0.9033,0.91892,0.93289,0.9592,0.97228,0.98548,1,0.98757,0.97784,0.96775,0.94648,0.92831,0.91191,0.8958,0.88786,0.88048,0.86459,0.84904,0.81134,0.77416,0.74426,0.73703,0.72264,0.69896,0.67199,0.64937,0.62843,0.6083,0.59179,0.56322,0.54394,0.52925,0.52106,0.50671,0.49241,0.47292,0.45417,0.4402,0.4248,0.40385,0.38504,0.38203,0.37641,0.36701,0.36584,0.3609,0.35484,0.34738,0.34251,0.32494,0.31226,0.30543,0.30334,0.298,0.29203,0.28687,0.28084,0.27938,0.26759,0.27684,0.27346,0.29447,0.29953,0.29343,0.28775,0.2941,-0.42823,-0.37484,0.83854,0.69744
0.82487,0.81773,0.81375,0.80529,0.79205,0.78778,0.77909,0.76554,0.76016,0.74431,0.73533,0.72749,0.72249,0.71741,0.70952,0.70271,0.68841,0.67288,0.66013,0.6566,0.65269,0.64722,0.64333,0.64046,0.6405,0.64273,0.64729,0.66166,0.67262,0.69459,0.70031,0.71544,0.73,0.7461,0.76437,0.78239,0.80031,0.81825,0.85129,0.88617,0.90195,0.91539,0.93912,0.95081,0.96416,0.98757,1,0.99628,0.98827,0.96763,0.94823,0.93086,0.91403,0.90588,0.89824,0.88207,0.86626,0.8277,0.79282,0.76423,0.75738,0.74318,0.71924,0.69335,0.67171,0.65092,0.63184,0.61583,0.58716,0.56813,0.55391,0.5457,0.53154,0.51707,0.4977,0.47864,0.46365,0.44787,0.42692,0.40737,0.40347,0.39747,0.3872,0.38551,0.37957,0.37244,0.3643,0.35885,0.34091,0.32835,0.3207,0.31757,0.31127,0.30372,0.29862,0.29324,0.29059,0.27786,0.28504,0.28035,0.30009,0.30219,0.29567,0.28943,0.2982,-0.42339,-0.36906,0.82667,0.70804
0.81847,0.81127,0.80708,0.79829,0.78477,0.78047,0.77151,0.75764,0.75212,0.73616,0.72697,0.71876,0.71359,0.70828,0.70023,0.69335,0.67887,0.66313,0.65044,0.64687,0.64299,0.63716,0.63293,0.62992,0.62971,0.63167,0.63609,0.65023,0.66113,0.68282,0.68856,0.70378,0.71864,0.73451,0.75253,0.77077,0.78868,0.80677,0.8401,0.87548,0.8916,0.90517,0.9287,0.9404,0.95373,0.97784,0.99628,1,0.99628,0.97787,0.95818,0.94042,0.92337,0.91513,0.90746,0.8915,0.87564,0.83602,0.80151,0.77345,0.76644,0.75183,0.72777,0.70282,0.68134,0.66059,0.64174,0.62569,0.59713,0.578,0.56388,0.55536,0.5407,0.52626,0.50673,0.4873,0.47203,0.45583,0.43526,0.41627,0.41216,0.40575,0.39525,0.39364,0.38664,0.37903,0.37035,0.36449,0.34584,0.33285,0.3248,0.32115,0.31427,0.30607,0.30085,0.29577,0.29302,0.27987,0.28713,0.28216,0.30296,0.30352,0.29719,0.29058,0.30034,-0.42427,-0.36895,0.82036,0.71319
0.81128,0.80403,0.79971,0.79069,0.77696,0.77267,0.76344,0.74917,0.74352,0.72734,0.71785,0.70935,0.70406,0.69856,0.69038,0.68338,0.66856,0.65203,0.63922,0.63548,0.6313,0.62496,0.62056,0.61759,0.61694,0.61842,0.62277,0.63666,0.6474,0.66913,0.67485,0.69002,0.7052,0.72091,0.73874,0.75698,0.77528,0.79398,0.82786,0.86375,0.88058,0.89459,0.9178,0.92983,0.94338,0.96775,0.98827,0.99628,1,0.98799,0.96908,0.95116,0.93357,0.92519,0.91732,0.9014,0.88549,0.84577,0.81179,0.78361,0.7764,0.76157,0.73769,0.71377,0.69269,0.67265,0.6543,0.63857,0.61061,0.59074,0.57611,0.56671,0.55149,0.53668,0.51694,0.49729,0.48192,0.46559,0.44468,0.42585,0.4217,0.415,0.40419,0.40244,0.39498,0.3867,0.37773,0.37157,0.3524,0.33937,0.33146,0.32773,0.32065,0.3121,0.30664,0.30113,0.29753,0.28506,0.29252,0.2871,0.30768,0.30641,0.30037,0.29345,0.30231,-0.41908,-0.36491,0.81322,0.71977
0.79618,0.78869,0.78422,0.77507,0.76135,0.7571,0.74767,0.73297,0.72726,0.71085,0.7009,0.69225,0.68693,0.68119,0.67275,0.66553,0.65046,0.63321,0.61968,0.61575,0.61111,0.60406,0.59915,0.59593,0.59437,0.59491,0.59887,0.61085,0.62146,0.64395,0.64977,0.66481,0.67924,0.69458,0.71199,0.73058,0.74886,0.7675,0.8022,0.83755,0.85539,0.87016,0.89448,0.90726,0.92126,0.94648,0.96763,0.97787,0.98799,1,0.99018,0.97296,0.95446,0.94581,0.93725,0.9204,0.90457,0.86657,0.83418,0.80578,0.79823,0.78322,0.76,0.73731,0.71692,0.69825,0.68064,0.66537,0.63772,0.61827,0.60243,0.59076,0.57461,0.5589,0.53873,0.51939,0.50389,0.48777,0.46565,0.44536,0.44099,0.43404,0.42191,0.41808,0.41037,0.40169,0.39243,0.38586,0.36615,0.35426,0.3465,0.34246,0.33408,0.32504,0.31956,0.31168,0.30612,0.29436,0.30136,0.29502,0.31299,0.30875,0.30205,0.29521,0.30337,-0.40626,-0.35939,0.79821,0.72941
0.78434,0.77685,0.7722,0.76314,0.7493,0.74495,0.73528,0.72019,0.71442,0.69783,0.68745,0.67858,0.67325,0.66744,0.65857,0.65083,0.63539,0.61763,0.60352,0.59943,0.59436,0.58664,0.58115,0.5778,0.57566,0.57572,0.57915,0.59126,0.60202,0.62473,0.63033,0.6449,0.65832,0.67365,0.69137,0.70981,0.72807,0.74687,0.78239,0.81739,0.83586,0.85157,0.87625,0.88926,0.9033,0.92831,0.94823,0.95818,0.96908,0.99018,1,0.99062,0.97399,0.96554,0.95692,0.93967,0.92389,0.88686,0.85474,0.82647,0.81853,0.80319,0.77903,0.75644,0.73566,0.71688,0.69924,0.68407,0.65668,0.6382,0.62273,0.61072,0.59415,0.57785,0.55712,0.53729,0.52176,0.50532,0.48239,0.4612,0.4567,0.44954,0.43656,0.43127,0.42324,0.41366,0.40456,0.39763,0.37749,0.36651,0.35853,0.35482,0.3458,0.33587,0.32895,0.31966,0.31365,0.30045,0.3061,0.2992,0.31831,0.31204,0.30649,0.29977,0.30814,-0.4022,-0.35924,0.78639,0.73931
0.77005,0.76244,0.7576,0.74838,0.73443,0.73003,0.71996,0.70449,0.69855,0.68163,0.67078,0.6616,0.65622,0.65034,0.64105,0.63285,0.61673,0.59831,0.58373,0.57928,0.57364,0.56555,0.55955,0.55644,0.5542,0.55433,0.55799,0.5701,0.58048,0.60287,0.60824,0.62218,0.63638,0.65271,0.67108,0.68966,0.70885,0.72826,0.76389,0.79906,0.81782,0.83428,0.85953,0.87301,0.88742,0.91191,0.93086,0.94042,0.95116,0.97296,0.99062,1,0.99125,0.98382,0.97557,0.95865,0.94317,0.90659,0.87444,0.84651,0.83826,0.82278,0.79789,0.77521,0.75452,0.73522,0.71696,0.7015,0.67433,0.65687,0.64224,0.63013,0.61309,0.5968,0.57574,0.55476,0.53828,0.52151,0.49822,0.4765,0.47248,0.4656,0.45373,0.44773,0.43902,0.42904,0.41931,0.41195,0.39039,0.37905,0.37088,0.36775,0.35889,0.34814,0.33933,0.32905,0.32319,0.30977,0.31386,0.30627,0.32662,0.31987,0.31514,0.30863,0.31646,-0.39666,-0.35498,0.77219,0.74791
0.75513,0.74694,0.74186,0.73205,0.7177,0.71318,0.70283,0.68722,0.68118,0.66368,0.65251,0.64301,0.63752,0.63145,0.62172,0.6131,0.5959,0.57719,0.56214,0.55739,0.55182,0.54396,0.53814,0.53498,0.53269,0.53295,0.53669,0.54894,0.55912,0.58163,0.58685,0.59997,0.61487,0.63158,0.64989,0.6683,0.68833,0.70809,0.74477,0.78099,0.79999,0.8166,0.84309,0.85672,0.87141,0.8958,0.91403,0.92337,0.93357,0.95446,0.97399,0.99125,1,0.99759,0.99183,0.97696,0.96237,0.92611,0.89417,0.86732,0.85916,0.84402,0.81876,0.79574,0.7747,0.75531,0.73716,0.7219,0.695,0.67661,0.66136,0.64861,0.63152,0.61564,0.59452,0.57335,0.55684,0.54018,0.51712,0.49486,0.4901,0.4828,0.47091,0.46391,0.45455,0.44409,0.4337,0.42585,0.40342,0.39255,0.3838,0.38076,0.37223,0.3612,0.35198,0.34056,0.33447,0.32173,0.32393,0.31744,0.33656,0.32927,0.32381,0.3175,0.32552,-0.38846,-0.3501,0.7574,0.76022
0.74887,0.74063,0.73549,0.72548,0.71094,0.70638,0.69592,0.68042,0.67432,0.65653,0.64524,0.63554,0.62994,0.62376,0.61377,0.60499,0.58733,0.56863,0.55347,0.54863,0.54312,0.53537,0.52966,0.52631,0.52389,0.52395,0.52761,0.54001,0.55026,0.57302,0.57816,0.59089,0.60597,0.62263,0.64084,0.65906,0.67941,0.69904,0.73567,0.77255,0.7918,0.80851,0.83539,0.84889,0.86351,0.88786,0.90588,0.91513,0.92519,0.94581,0.96554,0.98382,0.99759,1,0.99758,0.98528,0.97132,0.93524,0.90305,0.8759,0.86764,0.8527,0.82729,0.80419,0.78298,0.76374,0.74584,0.7306,0.70376,0.6848,0.6694,0.6565,0.63964,0.62417,0.60291,0.58149,0.56479,0.54785,0.52437,0.50167,0.49667,0.48917,0.47683,0.46961,0.4603,0.44963,0.4389,0.43089,0.40849,0.39781,0.38868,0.38545,0.3766,0.36521,0.35592,0.344,0.33754,0.32404,0.32557,0.31969,0.33847,0.33101,0.32483,0.31856,0.32681,-0.38562,-0.3477,0.75116,0.76445
0.74336,0.73511,0.72994,0.71977,0.70496,0.70035,0.68981,0.67444,0.66832,0.65033,0.639,0.62906,0.62332,0.61705,0.60675,0.59783,0.57976,0.56128,0.54631,0.54143,0.53587,0.52819,0.52254,0.51901,0.5165,0.51627,0.51951,0.53214,0.54241,0.5654,0.57044,0.58288,0.59819,0.6148,0.6329,0.65125,0.67181,0.6913,0.72757,0.76506,0.78433,0.80094,0.82801,0.84142,0.85618,0.88048,0.89824,0.90746,0.91732,0.93725,0.95692,0.97557,0.99183,0.99758,1,0.99268,0.97995,0.94405,0.91138,0.88386,0.87545,0.86053,0.83497,0.81209,0.79083,0.77176,0.75391,0.73887,0.71216,0.69251,0.67667,0.6636,0.64675,0.63172,0.61039,0.58873,0.57161,0.55466,0.53085,0.50799,0.50292,0.4954,0.48273,0.4754,0.46596,0.45537,0.44431,0.43603,0.41345,0.40222,0.39266,0.38914,0.37998,0.36844,0.35914,0.3465,0.33961,0.32516,0.32607,0.3206,0.34004,0.33261,0.32523,0.31897,0.3269,-0.38431,-0.34497,0.74568,0.76784
0.73034,0.72195,0.71671,0.70627,0.69083,0.68611,0.67528,0.65968,0.65351,0.63533,0.62389,0.61366,0.6077,0.60136,0.59075,0.58182,0.56335,0.54495,0.53042,0.52547,0.51974,0.51195,0.50635,0.50219,0.4997,0.49956,0.50253,0.51533,0.52532,0.54872,0.55382,0.566,0.58097,0.59781,0.61603,0.63519,0.65566,0.67441,0.70972,0.74869,0.76784,0.78455,0.8122,0.82574,0.84084,0.86459,0.88207,0.8915,0.9014,0.9204,0.93967,0.95865,0.97696,0.98528,0.99268,1,0.99379,0.96006,0.9265,0.89866,0.89016,0.87525,0.85022,0.82902,0.80833,0.78939,0.77119,0.75604,0.72908,0.70843,0.69137,0.67732,0.66016,0.64572,0.62538,0.60397,0.58666,0.56979,0.54572,0.52283,0.51807,0.51046,0.49691,0.48867,0.4795,0.4686,0.4569,0.4482,0.42508,0.41091,0.4009,0.39703,0.38753,0.37504,0.36526,0.35028,0.34308,0.3279,0.32781,0.32248,0.34256,0.33501,0.32656,0.32021,0.32797,-0.37814,-0.33525,0.73274,0.77265
0.71844,0.70995,0.70468,0.69414,0.67844,0.67364,0.66253,0.64654,0.64029,0.62182,0.61027,0.6,0.59397,0.58767,0.57699,0.56791,0.54893,0.53043,0.51595,0.51082,0.50482,0.49646,0.4908,0.48643,0.48433,0.48425,0.48693,0.4989,0.50865,0.53248,0.53766,0.54977,0.56445,0.58134,0.59997,0.61962,0.64004,0.6585,0.69341,0.73304,0.75213,0.76908,0.79656,0.81012,0.82533,0.84904,0.86626,0.87564,0.88549,0.90457,0.92389,0.94317,0.96237,0.97132,0.97995,0.99379,1,0.97419,0.94005,0.91217,0.90365,0.88853,0.86305,0.84259,0.82196,0.80298,0.78422,0.76906,0.74152,0.72048,0.70294,0.68765,0.66979,0.6559,0.63678,0.61563,0.59805,0.58115,0.55659,0.53327,0.52847,0.52062,0.50562,0.49611,0.48748,0.4765,0.46468,0.45553,0.43212,0.41716,0.40712,0.40277,0.39248,0.37929,0.3694,0.3537,0.34569,0.33064,0.32978,0.32413,0.34316,0.33633,0.32781,0.32166,0.32868,-0.37211,-0.33017,0.72091,0.776
0.68119,0.67255,0.66725,0.65671,0.64049,0.63567,0.62433,0.60758,0.60115,0.58209,0.56994,0.55906,0.55283,0.54638,0.53541,0.52595,0.50592,0.48598,0.47041,0.46521,0.45883,0.44873,0.44238,0.43802,0.43628,0.43618,0.43872,0.45051,0.46084,0.48574,0.49091,0.50291,0.51628,0.53368,0.55213,0.57352,0.59609,0.61529,0.65252,0.6953,0.71504,0.73218,0.75877,0.77222,0.78671,0.81134,0.8277,0.83602,0.84577,0.86657,0.88686,0.90659,0.92611,0.93524,0.94405,0.96006,0.97419,1,0.9767,0.94754,0.93929,0.9239,0.89676,0.87588,0.85572,0.8362,0.81702,0.80174,0.77371,0.7522,0.73452,0.718,0.70058,0.68721,0.66824,0.64721,0.62835,0.61,0.58431,0.55995,0.5546,0.54617,0.52694,0.51407,0.50511,0.49259,0.47958,0.46986,0.44611,0.43218,0.42226,0.41922,0.40849,0.39525,0.3843,0.3686,0.36116,0.34865,0.34736,0.34226,0.36337,0.35796,0.34963,0.34429,0.35426,-0.3545,-0.31715,0.68397,0.7853
0.64851,0.63978,0.63417,0.62332,0.6073,0.60257,0.59119,0.57434,0.5678,0.54785,0.53571,0.52457,0.51815,0.51163,0.50029,0.49072,0.46872,0.44819,0.43206,0.42669,0.42004,0.40922,0.40249,0.39773,0.396,0.39565,0.39665,0.40894,0.41941,0.44327,0.44822,0.46005,0.47422,0.49147,0.50925,0.53109,0.55467,0.5747,0.61259,0.65451,0.67456,0.69146,0.71718,0.73047,0.74603,0.77416,0.79282,0.80151,0.81179,0.83418,0.85474,0.87444,0.89417,0.90305,0.91138,0.9265,0.94005,0.9767,1,0.98191,0.97369,0.95738,0.92972,0.90776,0.88743,0.86874,0.85086,0.83643,0.81018,0.78965,0.77186,0.75559,0.73782,0.72374,0.70367,0.68274,0.66443,0.64646,0.61923,0.59241,0.58561,0.57632,0.55429,0.5379,0.5277,0.51358,0.49921,0.48879,0.46519,0.45004,0.43961,0.43522,0.42282,0.40816,0.39422,0.3759,0.36785,0.35529,0.35256,0.34609,0.37295,0.36459,0.35605,0.35118,0.36426,-0.32872,-0.29606,0.6515,0.79484
0.6205,0.61185,0.6062,0.59509,0.57888,0.57404,0.56264,0.54566,0.539,0.51916,0.50732,0.49609,0.48939,0.48273,0.47149,0.46218,0.43931,0.4188,0.40205,0.39682,0.39025,0.3796,0.3721,0.36727,0.36529,0.36586,0.36694,0.37879,0.38905,0.4137,0.41854,0.43024,0.44445,0.46099,0.47786,0.49983,0.52266,0.5427,0.58271,0.62376,0.64255,0.6585,0.6848,0.69832,0.71439,0.74426,0.76423,0.77345,0.78361,0.80578,0.82647,0.84651,0.86732,0.8759,0.88386,0.89866,0.91217,0.94754,0.98191,1,0.99733,0.98411,0.95724,0.93398,0.91245,0.89346,0.87589,0.86154,0.83369,0.81142,0.7925,0.777,0.7593,0.74268,0.72262,0.70236,0.68453,0.66661,0.63893,0.6114,0.60342,0.59362,0.56927,0.55174,0.54029,0.52531,0.51005,0.49957,0.47662,0.46076,0.45086,0.44538,0.43297,0.41856,0.40457,0.38786,0.38181,0.37115,0.36874,0.36079,0.39035,0.38224,0.37452,0.3702,0.38617,-0.30842,-0.28154,0.62362,0.80213
0.61411,0.60547,0.59993,0.58888,0.57273,0.56785,0.55655,0.53953,0.53283,0.51306,0.50138,0.49021,0.48354,0.47689,0.46571,0.45662,0.43375,0.41299,0.39627,0.39095,0.38419,0.37343,0.36588,0.36115,0.35886,0.35973,0.36114,0.37245,0.38239,0.40703,0.41189,0.42388,0.43855,0.45508,0.47162,0.49351,0.51604,0.53564,0.57586,0.61691,0.63552,0.65132,0.6778,0.69112,0.70729,0.73703,0.75738,0.76644,0.7764,0.79823,0.81853,0.83826,0.85916,0.86764,0.87545,0.89016,0.90365,0.93929,0.97369,0.99733,1,0.99182,0.96568,0.94174,0.91965,0.9003,0.88255,0.86793,0.83876,0.816,0.79743,0.78227,0.76446,0.74722,0.72743,0.70722,0.68935,0.67166,0.64428,0.61687,0.60859,0.59858,0.57422,0.55631,0.54486,0.52974,0.51438,0.50388,0.48115,0.46492,0.45531,0.4494,0.43708,0.42293,0.40909,0.39273,0.38722,0.37704,0.37551,0.36761,0.39784,0.38933,0.38205,0.3774,0.39282,-0.30379,-0.27763,0.61724,0.80317
0.59729,0.58872,0.58333,0.57229,0.55623,0.55124,0.54,0.52279,0.51613,0.49606,0.48425,0.47317,0.46652,0.45982,0.44862,0.43964,0.41675,0.39567,0.37904,0.37385,0.3669,0.3564,0.34954,0.34455,0.34181,0.34237,0.3438,0.35469,0.36467,0.38984,0.3946,0.4066,0.4221,0.43957,0.45633,0.47826,0.50067,0.51984,0.56003,0.60136,0.62012,0.63581,0.66268,0.67617,0.69269,0.72264,0.74318,0.75183,0.76157,0.78322,0.80319,0.82278,0.84402,0.8527,0.86053,0.87525,0.88853,0.9239,0.95738,0.98411,0.99182,1,0.98302,0.95895,0.93573,0.91456,0.89594,0.88068,0.85021,0.82825,0.80983,0.79467,0.77713,0.75979,0.74055,0.72038,0.70225,0.68426,0.65699,0.62952,0.6206,0.61041,0.58583,0.56747,0.55525,0.53984,0.52478,0.51437,0.49136,0.47362,0.4644,0.45777,0.44547,0.43177,0.4185,0.40335,0.3984,0.38852,0.38643,0.3779,0.40758,0.3971,0.38968,0.38426,0.39793,-0.29484,-0.26798,0.60043,0.80332
0.57633,0.5678,0.5625,0.55145,0.53504,0.53011,0.51902,0.50169,0.49509,0.47477,0.46313,0.45192,0.44504,0.43822,0.4271,0.41801,0.39501,0.37327,0.35622,0.35089,0.3435,0.33301,0.32728,0.32364,0.32113,0.32124,0.32174,0.33065,0.33982,0.36544,0.37001,0.38222,0.39775,0.41599,0.43312,0.45551,0.47792,0.49562,0.53401,0.57611,0.59508,0.61044,0.63762,0.65211,0.66945,0.69896,0.71924,0.72777,0.73769,0.76,0.77903,0.79789,0.81876,0.82729,0.83497,0.85022,0.86305,0.89676,0.92972,0.95724,0.96568,0.98302,1,0.98577,0.96313,0.94054,0.92143,0.90577,0.87606,0.85397,0.83337,0.81657,0.79992,0.78198,0.7635,0.74385,0.72568,0.70604,0.67733,0.64925,0.63976,0.6292,0.60359,0.58503,0.57127,0.55521,0.54082,0.53087,0.50841,0.48892,0.4797,0.47234,0.45955,0.44542,0.43221,0.41619,0.40941,0.39811,0.39421,0.38547,0.41405,0.40177,0.39561,0.38881,0.39969,-0.27932,-0.24869,0.57945,0.80537
0.55501,0.54673,0.54128,0.53015,0.51333,0.50836,0.49722,0.48027,0.4737,0.45354,0.44203,0.43067,0.42374,0.41698,0.40598,0.397,0.37407,0.35229,0.33529,0.32984,0.32277,0.31217,0.30662,0.3031,0.3004,0.30015,0.30072,0.3085,0.31682,0.34238,0.3467,0.35831,0.37329,0.39053,0.40727,0.42976,0.45182,0.46908,0.50505,0.54852,0.5685,0.58403,0.61048,0.62534,0.64279,0.67199,0.69335,0.70282,0.71377,0.73731,0.75644,0.77521,0.79574,0.80419,0.81209,0.82902,0.84259,0.87588,0.90776,0.93398,0.94174,0.95895,0.98577,1,0.98802,0.96713,0.9485,0.93275,0.90356,0.87901,0.85558,0.83697,0.82036,0.80372,0.78607,0.76626,0.74815,0.73002,0.70197,0.67379,0.66415,0.65382,0.62848,0.60935,0.59452,0.5783,0.56455,0.55487,0.53287,0.51221,0.50211,0.49287,0.47811,0.46195,0.44728,0.42691,0.41737,0.40363,0.39679,0.38745,0.41485,0.40139,0.3963,0.38927,0.3986,-0.26772,-0.23066,0.55812,0.80218
0.53609,0.52787,0.52238,0.51153,0.49476,0.4898,0.47872,0.46224,0.4558,0.43589,0.4246,0.41333,0.40653,0.39984,0.38901,0.3802,0.35732,0.33582,0.31906,0.31384,0.30693,0.29621,0.29086,0.28719,0.28471,0.28493,0.28577,0.29283,0.29863,0.32297,0.32734,0.33928,0.35435,0.37012,0.38701,0.40979,0.43077,0.44708,0.48258,0.5264,0.54626,0.56165,0.58733,0.60276,0.62047,0.64937,0.67171,0.68134,0.69269,0.71692,0.73566,0.75452,0.7747,0.78298,0.79083,0.80833,0.82196,0.85572,0.88743,0.91245,0.91965,0.93573,0.96313,0.98802,1,0.98899,0.97182,0.95535,0.92523,0.89938,0.87473,0.85503,0.83832,0.82176,0.8043,0.78419,0.76637,0.74883,0.71979,0.69168,0.6824,0.67259,0.64727,0.62749,0.61221,0.5964,0.58287,0.57292,0.55122,0.53146,0.52048,0.50995,0.49434,0.47634,0.45987,0.43642,0.42601,0.41209,0.40415,0.39319,0.41781,0.40378,0.39891,0.39136,0.39868,-0.25455,-0.21062,0.53919,0.79852
0.51706,0.50879,0.5032,0.49253,0.47578,0.47082,0.45978,0.44327,0.43704,0.41755,0.40655,0.39555,0.38886,0.38217,0.37153,0.36295,0.34045,0.31881,0.30254,0.29733,0.29072,0.27996,0.27442,0.27024,0.2679,0.26727,0.26765,0.27505,0.279,0.30237,0.30691,0.31886,0.33369,0.34877,0.36559,0.38842,0.40969,0.42607,0.46146,0.50496,0.52421,0.53914,0.56477,0.58119,0.5996,0.62843,0.65092,0.66059,0.67265,0.69825,0.71688,0.73522,0.75531,0.76374,0.77176,0.78939,0.80298,0.8362,0.86874,0.89346,0.9003,0.91456,0.94054,0.96713,0.98899,1,0.99082,0.97497,0.94502,0.91827,0.89387,0.87385,0.85725,0.84055,0.8229,0.80328,0.78617,0.76893,0.73909,0.71139,0.70212,0.69226,0.66652,0.64681,0.63196,0.61651,0.60334,0.59305,0.57174,0.554,0.54176,0.53047,0.51465,0.49599,0.47912,0.45307,0.44204,0.42729,0.41756,0.40662,0.42898,0.41416,0.40936,0.40207,0.40746,-0.24242,-0.19827,0.52016,0.79761
0.49837,0.48993,0.4842,0.47341,0.45663,0.4517,0.4406,0.42414,0.41799,0.39842,0.38751,0.37662,0.36992,0.36313,0.35236,0.34376,0.32134,0.29972,0.28411,0.2792,0.27257,0.26174,0.25606,0.25142,0.24951,0.2483,0.248,0.25589,0.2597,0.28226,0.28675,0.29808,0.31289,0.32713,0.34364,0.36658,0.38785,0.40421,0.44,0.48269,0.50213,0.51763,0.54391,0.56027,0.57924,0.6083,0.63184,0.64174,0.6543,0.68064,0.69924,0.71696,0.73716,0.74584,0.75391,0.77119,0.78422,0.81702,0.85086,0.87589,0.88255,0.89594,0.92143,0.9485,0.97182,0.99082,1,0.99168,0.96242,0.93447,0.91002,0.88995,0.87365,0.85643,0.83959,0.82126,0.80432,0.78667,0.7569,0.72911,0.72055,0.71112,0.68559,0.66625,0.6512,0.63547,0.62312,0.61278,0.59206,0.5735,0.55974,0.54736,0.53038,0.51049,0.49248,0.46411,0.45226,0.43388,0.42177,0.40985,0.42799,0.41264,0.40791,0.4007,0.40719,-0.22821,-0.18583,0.50148,0.79412
0.48204,0.47336,0.46747,0.45669,0.43998,0.43504,0.42374,0.40747,0.40142,0.38198,0.3713,0.36043,0.35373,0.34688,0.33588,0.32739,0.30464,0.28286,0.26773,0.26298,0.25617,0.24522,0.23946,0.23493,0.23354,0.23249,0.2314,0.23929,0.24304,0.26531,0.26988,0.28086,0.29514,0.30826,0.32419,0.34714,0.36778,0.38403,0.42025,0.46219,0.48243,0.49921,0.52647,0.54305,0.562,0.59179,0.61583,0.62569,0.63857,0.66537,0.68407,0.7015,0.7219,0.7306,0.73887,0.75604,0.76906,0.80174,0.83643,0.86154,0.86793,0.88068,0.90577,0.93275,0.95535,0.97497,0.99168,1,0.9786,0.94947,0.92464,0.90449,0.88781,0.86968,0.85252,0.83411,0.81674,0.79863,0.7693,0.74136,0.73322,0.72376,0.69765,0.67802,0.6626,0.64742,0.63535,0.62479,0.60367,0.58366,0.56929,0.5559,0.53837,0.5177,0.49867,0.46908,0.45679,0.43528,0.42025,0.40758,0.42144,0.40582,0.40136,0.39394,0.40142,-0.21252,-0.17174,0.48516,0.78843
0.45083,0.44206,0.43609,0.4255,0.40885,0.40386,0.39258,0.37578,0.36971,0.35062,0.34042,0.32979,0.32316,0.31639,0.30545,0.2969,0.27418,0.25204,0.23708,0.23209,0.22513,0.21525,0.21018,0.20654,0.20543,0.2041,0.20287,0.21068,0.2157,0.23726,0.24165,0.25202,0.26461,0.27624,0.29118,0.31358,0.33343,0.35032,0.3871,0.42877,0.4493,0.46597,0.49443,0.51176,0.53184,0.56322,0.58716,0.59713,0.61061,0.63772,0.65668,0.67433,0.695,0.70376,0.71216,0.72908,0.74152,0.77371,0.81018,0.83369,0.83876,0.85021,0.87606,0.90356,0.92523,0.94502,0.96242,0.9786,1,0.98074,0.9535,0.93123,0.91269,0.89234,0.87364,0.85449,0.8367,0.81772,0.78869,0.76024,0.75111,0.74015,0.71297,0.69205,0.6766,0.66251,0.65165,0.64101,0.61985,0.59799,0.58355,0.57062,0.55298,0.53197,0.51279,0.48237,0.47074,0.4494,0.4332,0.42044,0.43149,0.41479,0.41086,0.40359,0.41161,-0.17768,-0.13918,0.45391,0.77962
0.43107,0.42261,0.41682,0.40707,0.39153,0.38673,0.37582,0.35929,0.35352,0.33467,0.32464,0.31432,0.30787,0.30142,0.29085,0.28181,0.25832,0.23675,0.22184,0.2171,0.20939,0.19914,0.19455,0.19148,0.19029,0.18886,0.18783,0.19496,0.19998,0.21949,0.22367,0.23378,0.24678,0.25798,0.27267,0.29545,0.31512,0.33235,0.36837,0.40944,0.42983,0.44636,0.47365,0.49029,0.51107,0.54394,0.56813,0.578,0.59074,0.61827,0.6382,0.65687,0.67661,0.6848,0.69251,0.70843,0.72048,0.7522,0.78965,0.81142,0.816,0.82825,0.85397,0.87901,0.89938,0.91827,0.93447,0.94947,0.98074,1,0.98305,0.95912,0.93792,0.91742,0.89932,0.88087,0.86276,0.84317,0.81265,0.78402,0.77492,0.76339,0.73468,0.71428,0.70014,0.68746,0.67705,0.66668,0.64536,0.62241,0.60796,0.59506,0.57821,0.55807,0.53796,0.50683,0.49148,0.46806,0.45175,0.43813,0.44728,0.4319,0.42912,0.42202,0.42884,-0.16302,-0.12782,0.4341,0.77644
0.41417,0.40623,0.40059,0.39113,0.37613,0.37138,0.36077,0.34444,0.33878,0.32032,0.31042,0.30036,0.29393,0.28758,0.2775,0.26853,0.24495,0.22325,0.20883,0.20417,0.1961,0.18522,0.1805,0.17764,0.17637,0.17493,0.17407,0.18122,0.18571,0.20444,0.20819,0.21766,0.23128,0.24295,0.25812,0.27957,0.29867,0.31544,0.35192,0.39234,0.41275,0.4296,0.45681,0.47392,0.49551,0.52925,0.55391,0.56388,0.57611,0.60243,0.62273,0.64224,0.66136,0.6694,0.67667,0.69137,0.70294,0.73452,0.77186,0.7925,0.79743,0.80983,0.83337,0.85558,0.87473,0.89387,0.91002,0.92464,0.9535,0.98305,1,0.98521,0.96365,0.94237,0.92407,0.90589,0.88805,0.86838,0.83773,0.80878,0.79926,0.78708,0.75715,0.73681,0.7225,0.70988,0.6996,0.68944,0.66844,0.64402,0.62852,0.61539,0.59727,0.57725,0.55678,0.52573,0.50743,0.48224,0.46662,0.4522,0.46352,0.44963,0.4484,0.4414,0.44898,-0.15622,-0.12108,0.41719,0.77847
0.40231,0.39461,0.38911,0.38009,0.36533,0.36055,0.35,0.334,0.32836,0.30996,0.30014,0.29061,0.28442,0.27831,0.26856,0.25957,0.23626,0.21426,0.2,0.19567,0.18823,0.17753,0.17354,0.17115,0.17026,0.1687,0.16769,0.17488,0.17864,0.19784,0.20165,0.21083,0.22556,0.23746,0.25209,0.27281,0.29297,0.3103,0.34641,0.38525,0.40522,0.42203,0.4491,0.46619,0.4871,0.52106,0.5457,0.55536,0.56671,0.59076,0.61072,0.63013,0.64861,0.6565,0.6636,0.67732,0.68765,0.718,0.75559,0.777,0.78227,0.79467,0.81657,0.83697,0.85503,0.87385,0.88995,0.90449,0.93123,0.95912,0.98521,1,0.98691,0.96537,0.94623,0.92665,0.9084,0.88844,0.85885,0.82922,0.81932,0.80695,0.77632,0.75526,0.74006,0.72698,0.71642,0.70644,0.68578,0.66185,0.64602,0.63288,0.61392,0.59365,0.5729,0.54296,0.52417,0.4976,0.48137,0.46687,0.4801,0.46604,0.46455,0.4573,0.46453,-0.15847,-0.11788,0.40532,0.77796
0.38145,0.37337,0.36793,0.35915,0.34424,0.3394,0.32886,0.31305,0.30729,0.28857,0.27843,0.26901,0.26298,0.257,0.24715,0.23824,0.21612,0.19462,0.18033,0.17584,0.16836,0.15816,0.1546,0.15253,0.15161,0.15003,0.14912,0.15704,0.16038,0.18052,0.18495,0.19516,0.21051,0.22261,0.23719,0.25786,0.27864,0.29577,0.33105,0.37064,0.39091,0.40734,0.43482,0.45226,0.47265,0.50671,0.53154,0.5407,0.55149,0.57461,0.59415,0.61309,0.63152,0.63964,0.64675,0.66016,0.66979,0.70058,0.73782,0.7593,0.76446,0.77713,0.79992,0.82036,0.83832,0.85725,0.87365,0.88781,0.91269,0.93792,0.96365,0.98691,1,0.98757,0.96824,0.9482,0.92905,0.9096,0.87925,0.84675,0.83508,0.82258,0.79276,0.77288,0.75763,0.74262,0.73166,0.7217,0.70171,0.68166,0.66653,0.65431,0.63539,0.61509,0.59431,0.56491,0.54609,0.51952,0.50111,0.4859,0.4958,0.4815,0.4803,0.4729,0.47984,-0.14363,-0.10196,0.38434,0.77156
0.37256,0.36416,0.35867,0.35011,0.33561,0.33094,0.32073,0.30553,0.29998,0.28095,0.27133,0.26186,0.25577,0.24975,0.23988,0.23116,0.20927,0.18882,0.17433,0.16973,0.16239,0.15235,0.14904,0.14627,0.14563,0.14379,0.14228,0.15066,0.15364,0.17284,0.1773,0.18785,0.20389,0.21586,0.2301,0.25041,0.27079,0.28708,0.31964,0.35732,0.3775,0.39426,0.4209,0.43843,0.45867,0.49241,0.51707,0.52626,0.53668,0.5589,0.57785,0.5968,0.61564,0.62417,0.63172,0.64572,0.6559,0.68721,0.72374,0.74268,0.74722,0.75979,0.78198,0.80372,0.82176,0.84055,0.85643,0.86968,0.89234,0.91742,0.94237,0.96537,0.98757,1,0.98871,0.97039,0.95106,0.93109,0.90025,0.86724,0.85481,0.84219,0.81298,0.79494,0.78013,0.76575,0.75513,0.7451,0.72537,0.70705,0.69294,0.68178,0.66337,0.64293,0.62224,0.59276,0.57447,0.54738,0.52757,0.51107,0.51955,0.50489,0.50196,0.49453,0.50019,-0.13732,-0.088216,0.37529,0.76881
0.35641,0.3477,0.34271,0.33423,0.32006,0.31533,0.30515,0.28984,0.28425,0.26466,0.25521,0.24604,0.23994,0.234,0.22456,0.21661,0.19572,0.17639,0.16282,0.15874,0.15161,0.14272,0.13942,0.13592,0.13484,0.13287,0.13103,0.1386,0.14156,0.16066,0.16518,0.17553,0.19143,0.20409,0.21872,0.23885,0.2579,0.27247,0.30425,0.34181,0.36196,0.37902,0.40472,0.42104,0.4402,0.47292,0.4977,0.50673,0.51694,0.53873,0.55712,0.57574,0.59452,0.60291,0.61039,0.62538,0.63678,0.66824,0.70367,0.72262,0.72743,0.74055,0.7635,0.78607,0.8043,0.8229,0.83959,0.85252,0.87364,0.89932,0.92407,0.94623,0.96824,0.98871,1,0.99022,0.97261,0.95188,0.91946,0.8869,0.8747,0.86185,0.83316,0.8156,0.80083,0.78663,0.77614,0.76602,0.74652,0.72795,0.71395,0.70339,0.68527,0.66483,0.64323,0.61263,0.59365,0.56383,0.54186,0.52419,0.53403,0.51917,0.51417,0.50668,0.50884,-0.12061,-0.072322,0.35897,0.75983
0.33927,0.33074,0.32595,0.31773,0.30382,0.29921,0.28927,0.27482,0.26946,0.25028,0.24108,0.23211,0.22623,0.2205,0.21116,0.2032,0.1826,0.16415,0.15114,0.14734,0.14058,0.13216,0.12873,0.12445,0.12216,0.1199,0.11779,0.12444,0.1278,0.1466,0.1509,0.16101,0.17669,0.18903,0.20284,0.22338,0.24272,0.25723,0.28876,0.32616,0.34642,0.36354,0.38895,0.40424,0.42262,0.45417,0.47864,0.4873,0.49729,0.51939,0.53729,0.55476,0.57335,0.58149,0.58873,0.60397,0.61563,0.64721,0.68274,0.70236,0.70722,0.72038,0.74385,0.76626,0.78419,0.80328,0.82126,0.83411,0.85449,0.88087,0.90589,0.92665,0.9482,0.97039,0.99022,1,0.99073,0.97195,0.9387,0.90647,0.89363,0.88074,0.85191,0.83322,0.81718,0.80227,0.79149,0.7813,0.76177,0.74444,0.73028,0.71913,0.70079,0.68081,0.6594,0.62872,0.60874,0.57708,0.55355,0.53482,0.5418,0.52652,0.52097,0.51325,0.51234,-0.1021,-0.057197,0.3417,0.75084
0.33038,0.32225,0.31757,0.3097,0.29646,0.29206,0.28252,0.26883,0.26373,0.24496,0.23608,0.22739,0.22173,0.21623,0.20729,0.19937,0.1788,0.16039,0.14736,0.14366,0.1371,0.12914,0.12609,0.12149,0.11902,0.11661,0.11427,0.11996,0.12219,0.13998,0.14375,0.15311,0.16793,0.17999,0.19335,0.21412,0.23347,0.24801,0.27898,0.31504,0.33498,0.35221,0.37738,0.39214,0.40989,0.4402,0.46365,0.47203,0.48192,0.50389,0.52176,0.53828,0.55684,0.56479,0.57161,0.58666,0.59805,0.62835,0.66443,0.68453,0.68935,0.70225,0.72568,0.74815,0.76637,0.78617,0.80432,0.81674,0.8367,0.86276,0.88805,0.9084,0.92905,0.95106,0.97261,0.99073,1,0.98981,0.95845,0.92715,0.91407,0.90084,0.8719,0.8516,0.83367,0.8178,0.80683,0.79686,0.77726,0.75898,0.74416,0.73228,0.71372,0.6944,0.67286,0.64163,0.62146,0.59031,0.56641,0.54731,0.5567,0.54212,0.53666,0.52875,0.52472,-0.090297,-0.051263,0.33274,0.74601
0.32188,0.31463,0.31017,0.30263,0.28927,0.28504,0.27534,0.2617,0.25671,0.23816,0.22931,0.22069,0.21511,0.20961,0.2007,0.19235,0.1713,0.15241,0.14041,0.13689,0.13054,0.12275,0.11966,0.11491,0.11206,0.11105,0.10888,0.11468,0.11519,0.1315,0.13482,0.14389,0.15909,0.17217,0.18509,0.20573,0.22498,0.24011,0.26992,0.30535,0.32511,0.34184,0.36628,0.38004,0.39644,0.4248,0.44787,0.45583,0.46559,0.48777,0.50532,0.52151,0.54018,0.54785,0.55466,0.56979,0.58115,0.61,0.64646,0.66661,0.67166,0.68426,0.70604,0.73002,0.74883,0.76893,0.78667,0.79863,0.81772,0.84317,0.86838,0.88844,0.9096,0.93109,0.95188,0.97195,0.98981,1,0.97871,0.94792,0.93428,0.92061,0.89201,0.86958,0.84962,0.83277,0.82213,0.812,0.79108,0.77185,0.75607,0.74377,0.72531,0.7061,0.68362,0.64984,0.62828,0.59647,0.57096,0.55141,0.56608,0.55187,0.5457,0.53741,0.53006,-0.07175,-0.03673,0.32413,0.73685
0.31448,0.30782,0.30349,0.29637,0.28401,0.28006,0.27095,0.25858,0.25413,0.23636,0.22823,0.22005,0.21469,0.20951,0.20137,0.19341,0.17282,0.15504,0.14432,0.14134,0.13571,0.12729,0.12359,0.11854,0.11469,0.11376,0.11132,0.11488,0.11415,0.12986,0.13264,0.14047,0.15203,0.16352,0.17461,0.19433,0.21193,0.22566,0.25599,0.28968,0.30831,0.32382,0.34841,0.36156,0.37718,0.40385,0.42692,0.43526,0.44468,0.46565,0.48239,0.49822,0.51712,0.52437,0.53085,0.54572,0.55659,0.58431,0.61923,0.63893,0.64428,0.65699,0.67733,0.70197,0.71979,0.73909,0.7569,0.7693,0.78869,0.81265,0.83773,0.85885,0.87925,0.90025,0.91946,0.9387,0.95845,0.97871,1,0.98163,0.96761,0.9536,0.92455,0.90128,0.88086,0.86414,0.85367,0.84344,0.822,0.80086,0.78334,0.76992,0.75198,0.73358,0.71203,0.67719,0.65357,0.62033,0.59192,0.57173,0.58382,0.56809,0.56,0.55044,0.54168,-0.055751,-0.021504,0.31661,0.73244
0.31188,0.30595,0.30191,0.29536,0.28398,0.28048,0.27207,0.2608,0.25674,0.24026,0.23284,0.22493,0.21983,0.21504,0.20711,0.19926,0.17981,0.16301,0.15269,0.15008,0.14478,0.1364,0.13354,0.12884,0.12518,0.1238,0.12147,0.12373,0.12197,0.13646,0.13864,0.1446,0.15332,0.16247,0.17184,0.19081,0.20751,0.21985,0.24867,0.28042,0.2986,0.31324,0.33479,0.34646,0.36085,0.38504,0.40737,0.41627,0.42585,0.44536,0.4612,0.4765,0.49486,0.50167,0.50799,0.52283,0.53327,0.55995,0.59241,0.6114,0.61687,0.62952,0.64925,0.67379,0.69168,0.71139,0.72911,0.74136,0.76024,0.78402,0.80878,0.82922,0.84675,0.86724,0.8869,0.90647,0.92715,0.94792,0.98163,1,0.99426,0.98311,0.95435,0.9301,0.90996,0.89311,0.88274,0.87298,0.85245,0.8302,0.81108,0.79559,0.7777,0.75889,0.73769,0.70125,0.67573,0.64081,0.6112,0.58931,0.59583,0.57933,0.56898,0.55779,0.54867,-0.037222,-0.0026454,0.31388,0.72713
0.315,0.30934,0.30553,0.29942,0.28824,0.28485,0.27664,0.266,0.26222,0.24622,0.23886,0.23077,0.22564,0.2209,0.21299,0.20521,0.18598,0.16982,0.15909,0.1568,0.15196,0.1435,0.14174,0.13745,0.13464,0.13378,0.13135,0.13169,0.12967,0.14386,0.14549,0.15078,0.15925,0.16703,0.17638,0.19467,0.21106,0.22278,0.2487,0.27793,0.29576,0.31032,0.33245,0.34435,0.35869,0.38203,0.40347,0.41216,0.4217,0.44099,0.4567,0.47248,0.4901,0.49667,0.50292,0.51807,0.52847,0.5546,0.58561,0.60342,0.60859,0.6206,0.63976,0.66415,0.6824,0.70212,0.72055,0.73322,0.75111,0.77492,0.79926,0.81932,0.83508,0.85481,0.8747,0.89363,0.91407,0.93428,0.96761,0.99426,1,0.99477,0.97,0.94584,0.92562,0.90825,0.89763,0.88774,0.867,0.84463,0.82518,0.80942,0.79108,0.772,0.75085,0.71337,0.68708,0.65052,0.62184,0.5991,0.60459,0.58744,0.57591,0.5643,0.55575,-0.031922,-0.00063233,0.31693,0.72646
0.31335,0.30809,0.30442,0.29851,0.28791,0.28471,0.27691,0.26684,0.26321,0.24789,0.24084,0.23292,0.22792,0.22332,0.21563,0.20818,0.18917,0.17337,0.16257,0.16035,0.15584,0.14732,0.14509,0.14089,0.13815,0.13697,0.13421,0.13405,0.13137,0.1448,0.14621,0.15118,0.15922,0.16629,0.17549,0.19347,0.20938,0.2203,0.24541,0.27362,0.29141,0.30591,0.32779,0.33957,0.35341,0.37641,0.39747,0.40575,0.415,0.43404,0.44954,0.4656,0.4828,0.48917,0.4954,0.51046,0.52062,0.54617,0.57632,0.59362,0.59858,0.61041,0.6292,0.65382,0.67259,0.69226,0.71112,0.72376,0.74015,0.76339,0.78708,0.80695,0.82258,0.84219,0.86185,0.88074,0.90084,0.92061,0.9536,0.98311,0.99477,1,0.98419,0.96128,0.94084,0.92257,0.91166,0.90155,0.88065,0.8584,0.8391,0.82324,0.80457,0.78572,0.76496,0.72654,0.69912,0.6611,0.63173,0.60846,0.61243,0.59542,0.58272,0.57083,0.56283,-0.027676,0.0051952,0.31513,0.72288
0.30781,0.30289,0.29935,0.29363,0.28371,0.28066,0.2734,0.26371,0.26018,0.24568,0.23911,0.23156,0.22683,0.22232,0.21454,0.20754,0.18926,0.17441,0.16411,0.16177,0.15765,0.15027,0.1477,0.14339,0.14006,0.1382,0.13507,0.1354,0.13062,0.14214,0.14353,0.14862,0.15659,0.16393,0.17286,0.19024,0.20546,0.21604,0.2409,0.26759,0.28588,0.30085,0.32227,0.33321,0.34542,0.36701,0.3872,0.39525,0.40419,0.42191,0.43656,0.45373,0.47091,0.47683,0.48273,0.49691,0.50562,0.52694,0.55429,0.56927,0.57422,0.58583,0.60359,0.62848,0.64727,0.66652,0.68559,0.69765,0.71297,0.73468,0.75715,0.77632,0.79276,0.81298,0.83316,0.85191,0.8719,0.89201,0.92455,0.95435,0.97,0.98419,1,0.98755,0.96837,0.9487,0.93784,0.92755,0.90708,0.88498,0.86571,0.84982,0.8308,0.8123,0.79122,0.75098,0.7205,0.67906,0.64773,0.62407,0.62685,0.60899,0.59589,0.5837,0.57618,-0.021153,0.014823,0.30931,0.71446
0.30631,0.3015,0.29831,0.29274,0.28327,0.28023,0.27303,0.2631,0.25955,0.24499,0.23875,0.23121,0.22646,0.222,0.21442,0.20787,0.19041,0.17647,0.1674,0.16522,0.16148,0.15494,0.15223,0.14745,0.14341,0.14057,0.13779,0.13872,0.13334,0.14454,0.14634,0.15149,0.15968,0.16706,0.17625,0.19274,0.20707,0.2173,0.24205,0.26876,0.28755,0.3024,0.32287,0.33329,0.34506,0.36584,0.38551,0.39364,0.40244,0.41808,0.43127,0.44773,0.46391,0.46961,0.4754,0.48867,0.49611,0.51407,0.5379,0.55174,0.55631,0.56747,0.58503,0.60935,0.62749,0.64681,0.66625,0.67802,0.69205,0.71428,0.73681,0.75526,0.77288,0.79494,0.8156,0.83322,0.8516,0.86958,0.90128,0.9301,0.94584,0.96128,0.98755,1,0.98968,0.9711,0.96057,0.9505,0.9296,0.90813,0.88847,0.87186,0.85237,0.83382,0.81188,0.77111,0.73909,0.69616,0.66267,0.63781,0.63785,0.62037,0.60844,0.59648,0.59033,-0.01732,0.019047,0.30763,0.70777
0.30236,0.29794,0.29502,0.28987,0.28078,0.2777,0.2706,0.26064,0.25711,0.24279,0.2366,0.22916,0.22449,0.2202,0.21291,0.20653,0.189,0.17518,0.16605,0.16377,0.16017,0.15448,0.15142,0.14699,0.14308,0.14018,0.13868,0.13938,0.13324,0.1444,0.14616,0.15133,0.15864,0.16566,0.17513,0.19085,0.20541,0.21584,0.24001,0.26596,0.28477,0.29926,0.319,0.32844,0.34005,0.3609,0.37957,0.38664,0.39498,0.41037,0.42324,0.43902,0.45455,0.4603,0.46596,0.4795,0.48748,0.50511,0.5277,0.54029,0.54486,0.55525,0.57127,0.59452,0.61221,0.63196,0.6512,0.6626,0.6766,0.70014,0.7225,0.74006,0.75763,0.78013,0.80083,0.81718,0.83367,0.84962,0.88086,0.90996,0.92562,0.94084,0.96837,0.98968,1,0.99012,0.98133,0.97212,0.95198,0.9307,0.91148,0.89434,0.87439,0.85501,0.83159,0.78984,0.75814,0.71501,0.67968,0.65477,0.65177,0.63389,0.6222,0.60966,0.60168,-0.010554,0.025384,0.30363,0.70596
0.29931,0.29488,0.29206,0.28703,0.2776,0.27442,0.2675,0.25777,0.25415,0.24,0.23381,0.22635,0.22177,0.21756,0.21031,0.20412,0.18732,0.17483,0.16646,0.16442,0.16119,0.15605,0.15335,0.14861,0.14438,0.14168,0.14087,0.1423,0.13666,0.14711,0.14863,0.1539,0.1617,0.16759,0.17608,0.19054,0.2046,0.21461,0.23802,0.26356,0.28189,0.29554,0.3128,0.32188,0.33355,0.35484,0.37244,0.37903,0.3867,0.40169,0.41366,0.42904,0.44409,0.44963,0.45537,0.4686,0.4765,0.49259,0.51358,0.52531,0.52974,0.53984,0.55521,0.5783,0.5964,0.61651,0.63547,0.64742,0.66251,0.68746,0.70988,0.72698,0.74262,0.76575,0.78663,0.80227,0.8178,0.83277,0.86414,0.89311,0.90825,0.92257,0.9487,0.9711,0.99012,1,0.99696,0.99059,0.9725,0.95078,0.93192,0.914,0.89396,0.87446,0.8511,0.80987,0.77777,0.73511,0.69936,0.6733,0.66562,0.64633,0.63364,0.62047,0.61048,-0.0014351,0.035416,0.30049,0.70287
0.29249,0.28818,0.28541,0.28062,0.27142,0.26822,0.2613,0.25176,0.24821,0.23447,0.22851,0.22107,0.21665,0.21262,0.20527,0.19911,0.1829,0.17122,0.16388,0.16189,0.15835,0.15318,0.15098,0.14632,0.14181,0.13894,0.13804,0.13934,0.1343,0.144,0.14566,0.15089,0.15946,0.1659,0.17393,0.18773,0.20133,0.21164,0.23429,0.25743,0.27525,0.28841,0.30528,0.31406,0.32578,0.34738,0.3643,0.37035,0.37773,0.39243,0.40456,0.41931,0.4337,0.4389,0.44431,0.4569,0.46468,0.47958,0.49921,0.51005,0.51438,0.52478,0.54082,0.56455,0.58287,0.60334,0.62312,0.63535,0.65165,0.67705,0.6996,0.71642,0.73166,0.75513,0.77614,0.79149,0.80683,0.82213,0.85367,0.88274,0.89763,0.91166,0.93784,0.96057,0.98133,0.99696,1,0.9974,0.98282,0.96227,0.94364,0.92515,0.90523,0.88581,0.86259,0.8215,0.78858,0.74588,0.70997,0.68348,0.67204,0.65183,0.63852,0.62512,0.61575,0.0075723,0.045001,0.29358,0.69918
0.28805,0.28378,0.28109,0.27639,0.26728,0.26414,0.25731,0.24789,0.24436,0.23113,0.22534,0.2181,0.21379,0.20989,0.20273,0.19676,0.18128,0.17031,0.16345,0.16152,0.15813,0.15323,0.15126,0.14668,0.14194,0.13919,0.13847,0.13978,0.13444,0.14394,0.14556,0.15076,0.15926,0.16545,0.17283,0.18625,0.19982,0.21013,0.23174,0.25428,0.27174,0.28469,0.30116,0.30965,0.3211,0.34251,0.35885,0.36449,0.37157,0.38586,0.39763,0.41195,0.42585,0.43089,0.43603,0.4482,0.45553,0.46986,0.48879,0.49957,0.50388,0.51437,0.53087,0.55487,0.57292,0.59305,0.61278,0.62479,0.64101,0.66668,0.68944,0.70644,0.7217,0.7451,0.76602,0.7813,0.79686,0.812,0.84344,0.87298,0.88774,0.90155,0.92755,0.9505,0.97212,0.99059,0.9974,1,0.9909,0.9719,0.95375,0.93503,0.91501,0.89574,0.8728,0.83195,0.7981,0.75505,0.71891,0.69228,0.67896,0.65833,0.64504,0.63153,0.62223,0.013838,0.052252,0.2891,0.69421
0.27388,0.26956,0.26694,0.26247,0.2535,0.25045,0.2439,0.23448,0.23103,0.21835,0.21287,0.20568,0.20139,0.19753,0.19062,0.18509,0.17032,0.16033,0.15408,0.15221,0.14899,0.14435,0.1423,0.13701,0.13157,0.12894,0.12795,0.12868,0.12322,0.1319,0.13318,0.13753,0.14511,0.15039,0.15561,0.16896,0.18281,0.19359,0.21511,0.2368,0.2538,0.26689,0.28439,0.29274,0.30376,0.32494,0.34091,0.34584,0.3524,0.36615,0.37749,0.39039,0.40342,0.40849,0.41345,0.42508,0.43212,0.44611,0.46519,0.47662,0.48115,0.49136,0.50841,0.53287,0.55122,0.57174,0.59206,0.60367,0.61985,0.64536,0.66844,0.68578,0.70171,0.72537,0.74652,0.76177,0.77726,0.79108,0.822,0.85245,0.867,0.88065,0.90708,0.9296,0.95198,0.9725,0.98282,0.9909,1,0.98879,0.97387,0.95557,0.9349,0.91508,0.8923,0.85155,0.81656,0.77339,0.73701,0.70974,0.69284,0.67164,0.65727,0.64308,0.63406,0.03271,0.069543,0.27486,0.68188
0.26837,0.26411,0.26166,0.25768,0.24971,0.24674,0.2401,0.23056,0.22703,0.21469,0.20901,0.2018,0.19733,0.19296,0.18599,0.18048,0.16706,0.15704,0.15131,0.14905,0.1461,0.14123,0.14044,0.13432,0.12811,0.12544,0.1247,0.12653,0.12089,0.12761,0.12872,0.13206,0.13941,0.14442,0.14897,0.16042,0.17476,0.18665,0.20982,0.22962,0.24559,0.2574,0.27489,0.28394,0.29343,0.31226,0.32835,0.33285,0.33937,0.35426,0.36651,0.37905,0.39255,0.39781,0.40222,0.41091,0.41716,0.43218,0.45004,0.46076,0.46492,0.47362,0.48892,0.51221,0.53146,0.554,0.5735,0.58366,0.59799,0.62241,0.64402,0.66185,0.68166,0.70705,0.72795,0.74444,0.75898,0.77185,0.80086,0.8302,0.84463,0.8584,0.88498,0.90813,0.9307,0.95078,0.96227,0.9719,0.98879,1,0.99256,0.97685,0.95711,0.93819,0.91723,0.87677,0.842,0.80103,0.76562,0.74004,0.71625,0.69459,0.67956,0.665,0.65826,0.066608,0.10154,0.26888,0.67423
0.26522,0.2611,0.25893,0.25563,0.24812,0.24515,0.23863,0.22912,0.22555,0.21367,0.20819,0.20113,0.19669,0.19225,0.1851,0.1795,0.16621,0.15631,0.15028,0.14806,0.14532,0.14091,0.1407,0.13426,0.1281,0.12517,0.12423,0.12605,0.12061,0.12725,0.12846,0.13111,0.13757,0.14222,0.14691,0.15734,0.17205,0.18443,0.20656,0.22522,0.2411,0.25253,0.26892,0.27802,0.28742,0.30543,0.3207,0.3248,0.33146,0.3465,0.35853,0.37088,0.3838,0.38868,0.39266,0.4009,0.40712,0.42226,0.43961,0.45086,0.45531,0.4644,0.4797,0.50211,0.52048,0.54176,0.55974,0.56929,0.58355,0.60796,0.62852,0.64602,0.66653,0.69294,0.71395,0.73028,0.74416,0.75607,0.78334,0.81108,0.82518,0.8391,0.86571,0.88847,0.91148,0.93192,0.94364,0.95375,0.97387,0.99256,1,0.9929,0.97729,0.96058,0.94107,0.90133,0.86727,0.82837,0.79335,0.76769,0.74155,0.72023,0.70501,0.69017,0.68344,0.074812,0.10573,0.26567,0.67331
0.26204,0.25787,0.25595,0.25282,0.24547,0.24244,0.23576,0.22648,0.22285,0.21078,0.20524,0.19838,0.19407,0.18955,0.18239,0.17678,0.16381,0.15423,0.14769,0.14565,0.14308,0.13896,0.13883,0.13257,0.12641,0.12328,0.12231,0.12385,0.11917,0.12584,0.12699,0.12922,0.13563,0.14052,0.14586,0.15648,0.17115,0.18385,0.20651,0.22538,0.24135,0.25225,0.26767,0.27636,0.28554,0.30334,0.31757,0.32115,0.32773,0.34246,0.35482,0.36775,0.38076,0.38545,0.38914,0.39703,0.40277,0.41922,0.43522,0.44538,0.4494,0.45777,0.47234,0.49287,0.50995,0.53047,0.54736,0.5559,0.57062,0.59506,0.61539,0.63288,0.65431,0.68178,0.70339,0.71913,0.73228,0.74377,0.76992,0.79559,0.80942,0.82324,0.84982,0.87186,0.89434,0.914,0.92515,0.93503,0.95557,0.97685,0.9929,1,0.99343,0.9809,0.96362,0.9242,0.89001,0.85258,0.81843,0.79292,0.76571,0.74552,0.73038,0.71585,0.70861,0.075136,0.10305,0.26247,0.67741
0.2582,0.25406,0.25251,0.24975,0.24255,0.23958,0.23308,0.22416,0.22058,0.20872,0.20312,0.19619,0.1918,0.18727,0.17995,0.17442,0.16147,0.15253,0.14605,0.14384,0.14122,0.13764,0.13721,0.13125,0.12561,0.12261,0.1226,0.124,0.11907,0.12555,0.12674,0.12849,0.13359,0.13787,0.14361,0.15511,0.16931,0.18221,0.20582,0.22471,0.2403,0.25025,0.2644,0.27268,0.28116,0.298,0.31127,0.31427,0.32065,0.33408,0.3458,0.35889,0.37223,0.3766,0.37998,0.38753,0.39248,0.40849,0.42282,0.43297,0.43708,0.44547,0.45955,0.47811,0.49434,0.51465,0.53038,0.53837,0.55298,0.57821,0.59727,0.61392,0.63539,0.66337,0.68527,0.70079,0.71372,0.72531,0.75198,0.7777,0.79108,0.80457,0.8308,0.85237,0.87439,0.89396,0.90523,0.91501,0.9349,0.95711,0.97729,0.99343,1,0.99466,0.98172,0.94413,0.9093,0.87269,0.8397,0.81512,0.78567,0.76744,0.75337,0.73974,0.73184,0.076384,0.1027,0.25859,0.67709
0.24971,0.24574,0.24437,0.24183,0.23489,0.23202,0.22594,0.21741,0.21386,0.20222,0.19672,0.18993,0.18554,0.18112,0.17387,0.16831,0.15594,0.1476,0.14171,0.13934,0.13654,0.13333,0.133,0.12759,0.12228,0.11952,0.12021,0.12144,0.11615,0.12228,0.12371,0.1258,0.12998,0.13365,0.13954,0.15091,0.16509,0.17815,0.20215,0.22094,0.2358,0.24492,0.2595,0.26777,0.27599,0.29203,0.30372,0.30607,0.3121,0.32504,0.33587,0.34814,0.3612,0.36521,0.36844,0.37504,0.37929,0.39525,0.40816,0.41856,0.42293,0.43177,0.44542,0.46195,0.47634,0.49599,0.51049,0.5177,0.53197,0.55807,0.57725,0.59365,0.61509,0.64293,0.66483,0.68081,0.6944,0.7061,0.73358,0.75889,0.772,0.78572,0.8123,0.83382,0.85501,0.87446,0.88581,0.89574,0.91508,0.93819,0.96058,0.9809,0.99466,1,0.99388,0.9619,0.92705,0.89044,0.85795,0.83415,0.80341,0.78648,0.77332,0.76057,0.75145,0.080475,0.10523,0.25009,0.6713
0.24218,0.23833,0.23707,0.23448,0.2277,0.22492,0.21934,0.21093,0.20738,0.19618,0.1908,0.18441,0.1802,0.17595,0.16887,0.16312,0.15119,0.14339,0.13785,0.1355,0.13323,0.1304,0.13002,0.12506,0.12025,0.11752,0.11892,0.11966,0.1157,0.12187,0.12334,0.12491,0.12798,0.13111,0.13665,0.14813,0.16194,0.17462,0.19992,0.21788,0.23207,0.24001,0.25435,0.26307,0.27121,0.28687,0.29862,0.30085,0.30664,0.31956,0.32895,0.33933,0.35198,0.35592,0.35914,0.36526,0.3694,0.3843,0.39422,0.40457,0.40909,0.4185,0.43221,0.44728,0.45987,0.47912,0.49248,0.49867,0.51279,0.53796,0.55678,0.5729,0.59431,0.62224,0.64323,0.6594,0.67286,0.68362,0.71203,0.73769,0.75085,0.76496,0.79122,0.81188,0.83159,0.8511,0.86259,0.8728,0.8923,0.91723,0.94107,0.96362,0.98172,0.99388,1,0.97908,0.94646,0.91193,0.87975,0.85701,0.82244,0.80623,0.79258,0.7798,0.76804,0.077141,0.10889,0.24275,0.66891
0.22881,0.22491,0.22397,0.22194,0.216,0.21344,0.20792,0.19942,0.19594,0.18417,0.17812,0.17165,0.16752,0.16334,0.15648,0.15082,0.14023,0.13348,0.12882,0.1264,0.12406,0.12153,0.12176,0.11706,0.11256,0.11004,0.11304,0.11484,0.11204,0.11979,0.12171,0.12318,0.12638,0.12892,0.13492,0.14604,0.15978,0.17242,0.19883,0.21605,0.23005,0.23689,0.24979,0.25814,0.26631,0.28084,0.29324,0.29577,0.30113,0.31168,0.31966,0.32905,0.34056,0.344,0.3465,0.35028,0.3537,0.3686,0.3759,0.38786,0.39273,0.40335,0.41619,0.42691,0.43642,0.45307,0.46411,0.46908,0.48237,0.50683,0.52573,0.54296,0.56491,0.59276,0.61263,0.62872,0.64163,0.64984,0.67719,0.70125,0.71337,0.72654,0.75098,0.77111,0.78984,0.80987,0.8215,0.83195,0.85155,0.87677,0.90133,0.9242,0.94413,0.9619,0.97908,1,0.98441,0.95489,0.9232,0.89964,0.86311,0.84646,0.8335,0.81977,0.80533,0.066893,0.10103,0.22948,0.66392
0.21876,0.2143,0.21345,0.21151,0.20584,0.20319,0.19732,0.18882,0.18536,0.17389,0.16746,0.16097,0.15704,0.15293,0.14594,0.14012,0.12922,0.12244,0.11831,0.116,0.11415,0.11079,0.11116,0.1062,0.1022,0.10071,0.10472,0.10698,0.10555,0.11441,0.11699,0.11919,0.12376,0.12756,0.1336,0.14473,0.15914,0.1722,0.20021,0.21645,0.22955,0.23662,0.24931,0.25767,0.26579,0.27938,0.29059,0.29302,0.29753,0.30612,0.31365,0.32319,0.33447,0.33754,0.33961,0.34308,0.34569,0.36116,0.36785,0.38181,0.38722,0.3984,0.40941,0.41737,0.42601,0.44204,0.45226,0.45679,0.47074,0.49148,0.50743,0.52417,0.54609,0.57447,0.59365,0.60874,0.62146,0.62828,0.65357,0.67573,0.68708,0.69912,0.7205,0.73909,0.75814,0.77777,0.78858,0.7981,0.81656,0.842,0.86727,0.89001,0.9093,0.92705,0.94646,0.98441,1,0.98496,0.95912,0.93609,0.89918,0.88221,0.87001,0.85607,0.84083,0.056087,0.089513,0.21949,0.65994
0.20348,0.19853,0.19779,0.19581,0.19019,0.18769,0.18156,0.17262,0.16925,0.15806,0.15167,0.14579,0.14264,0.13878,0.13192,0.12616,0.11517,0.10991,0.10492,0.10192,0.099334,0.095352,0.094837,0.089048,0.085345,0.084382,0.089143,0.092954,0.093354,0.10134,0.10463,0.1069,0.11391,0.11971,0.12756,0.13821,0.15192,0.1633,0.1928,0.2088,0.22095,0.22675,0.23723,0.24582,0.25374,0.26759,0.27786,0.27987,0.28506,0.29436,0.30045,0.30977,0.32173,0.32404,0.32516,0.3279,0.33064,0.34865,0.35529,0.37115,0.37704,0.38852,0.39811,0.40363,0.41209,0.42729,0.43388,0.43528,0.4494,0.46806,0.48224,0.4976,0.51952,0.54738,0.56383,0.57708,0.59031,0.59647,0.62033,0.64081,0.65052,0.6611,0.67906,0.69616,0.71501,0.73511,0.74588,0.75505,0.77339,0.80103,0.82837,0.85258,0.87269,0.89044,0.91193,0.95489,0.98496,1,0.98797,0.96849,0.93308,0.91537,0.90357,0.88974,0.87147,0.038595,0.06983,0.20426,0.65313
0.20849,0.20365,0.20335,0.20136,0.19571,0.19318,0.18678,0.17766,0.17433,0.16325,0.15656,0.1503,0.14696,0.14291,0.13603,0.13034,0.11929,0.11394,0.10913,0.10629,0.10365,0.099361,0.099427,0.093669,0.090196,0.08957,0.094301,0.099191,0.10105,0.10879,0.11259,0.11593,0.12304,0.13019,0.13798,0.14732,0.16152,0.17378,0.20298,0.2181,0.23039,0.23705,0.24994,0.25806,0.26494,0.27684,0.28504,0.28713,0.29252,0.30136,0.3061,0.31386,0.32393,0.32557,0.32607,0.32781,0.32978,0.34736,0.35256,0.36874,0.37551,0.38643,0.39421,0.39679,0.40415,0.41756,0.42177,0.42025,0.4332,0.45175,0.46662,0.48137,0.50111,0.52757,0.54186,0.55355,0.56641,0.57096,0.59192,0.6112,0.62184,0.63173,0.64773,0.66267,0.67968,0.69936,0.70997,0.71891,0.73701,0.76562,0.79335,0.81843,0.8397,0.85795,0.87975,0.9232,0.95912,0.98797,1,0.99146,0.96314,0.94642,0.93516,0.92145,0.90113,0.01327,0.034469,0.20926,0.64931
0.19875,0.19365,0.19351,0.19154,0.18621,0.18374,0.17763,0.16879,0.1657,0.15514,0.1483,0.14226,0.13903,0.13511,0.12801,0.12198,0.1109,0.10561,0.10119,0.098196,0.095172,0.090436,0.090985,0.085392,0.081984,0.081596,0.086694,0.092645,0.094561,0.10279,0.10668,0.11029,0.11719,0.12432,0.13171,0.14117,0.1559,0.1685,0.19838,0.2141,0.2265,0.23385,0.24878,0.25719,0.26372,0.27346,0.28035,0.28216,0.2871,0.29502,0.2992,0.30627,0.31744,0.31969,0.3206,0.32248,0.32413,0.34226,0.34609,0.36079,0.36761,0.3779,0.38547,0.38745,0.39319,0.40662,0.40985,0.40758,0.42044,0.43813,0.4522,0.46687,0.4859,0.51107,0.52419,0.53482,0.54731,0.55141,0.57173,0.58931,0.5991,0.60846,0.62407,0.63781,0.65477,0.6733,0.68348,0.69228,0.70974,0.74004,0.76769,0.79292,0.81512,0.83415,0.85701,0.89964,0.93609,0.96849,0.99146,1,0.98216,0.96854,0.95793,0.94432,0.92371,0.0018439,0.02507,0.19967,0.64194
0.21508,0.21104,0.2107,0.20827,0.20089,0.19778,0.19123,0.18206,0.17864,0.16612,0.15879,0.15293,0.14965,0.14637,0.14045,0.13407,0.11965,0.11154,0.10522,0.10183,0.099027,0.094873,0.095283,0.090865,0.089563,0.091362,0.097763,0.10699,0.11035,0.12304,0.12746,0.13075,0.13939,0.14877,0.15847,0.16832,0.18471,0.19461,0.2199,0.23144,0.24533,0.25429,0.27116,0.28132,0.28829,0.29447,0.30009,0.30296,0.30768,0.31299,0.31831,0.32662,0.33656,0.33847,0.34004,0.34256,0.34316,0.36337,0.37295,0.39035,0.39784,0.40758,0.41405,0.41485,0.41781,0.42898,0.42799,0.42144,0.43149,0.44728,0.46352,0.4801,0.4958,0.51955,0.53403,0.5418,0.5567,0.56608,0.58382,0.59583,0.60459,0.61243,0.62685,0.63785,0.65177,0.66562,0.67204,0.67896,0.69284,0.71625,0.74155,0.76571,0.78567,0.80341,0.82244,0.86311,0.89918,0.93308,0.96314,0.98216,1,0.99296,0.98042,0.96768,0.95306,0.0012018,0.016799,0.21672,0.66537
0.21807,0.21401,0.21359,0.21105,0.20442,0.2016,0.19537,0.18647,0.18313,0.17157,0.16503,0.15916,0.15581,0.15232,0.14587,0.13999,0.12592,0.11754,0.11119,0.10752,0.1039,0.099404,0.10038,0.095418,0.094765,0.097896,0.10541,0.11397,0.11602,0.12757,0.13232,0.13649,0.14453,0.1533,0.16271,0.17268,0.18809,0.19786,0.22293,0.23798,0.25203,0.26115,0.27911,0.28946,0.29584,0.29953,0.30219,0.30352,0.30641,0.30875,0.31204,0.31987,0.32927,0.33101,0.33261,0.33501,0.33633,0.35796,0.36459,0.38224,0.38933,0.3971,0.40177,0.40139,0.40378,0.41416,0.41264,0.40582,0.41479,0.4319,0.44963,0.46604,0.4815,0.50489,0.51917,0.52652,0.54212,0.55187,0.56809,0.57933,0.58744,0.59542,0.60899,0.62037,0.63389,0.64633,0.65183,0.65833,0.67164,0.69459,0.72023,0.74552,0.76744,0.78648,0.80623,0.84646,0.88221,0.91537,0.94642,0.96854,0.99296,1,0.9934,0.98391,0.97077,-0.027914,-0.0021102,0.21993,0.66052
0.20621,0.20202,0.20166,0.19918,0.19229,0.18941,0.18305,0.17429,0.17104,0.15918,0.15267,0.14688,0.1438,0.14041,0.13399,0.12852,0.11546,0.10611,0.099301,0.095265,0.091983,0.088528,0.088679,0.083272,0.08256,0.086385,0.094083,0.10362,0.10784,0.11912,0.12365,0.12727,0.13509,0.14567,0.15592,0.16512,0.18052,0.19024,0.21395,0.22923,0.24469,0.2545,0.27302,0.28383,0.29029,0.29343,0.29567,0.29719,0.30037,0.30205,0.30649,0.31514,0.32381,0.32483,0.32523,0.32656,0.32781,0.34963,0.35605,0.37452,0.38205,0.38968,0.39561,0.3963,0.39891,0.40936,0.40791,0.40136,0.41086,0.42912,0.4484,0.46455,0.4803,0.50196,0.51417,0.52097,0.53666,0.5457,0.56,0.56898,0.57591,0.58272,0.59589,0.60844,0.6222,0.63364,0.63852,0.64504,0.65727,0.67956,0.70501,0.73038,0.75337,0.77332,0.79258,0.8335,0.87001,0.90357,0.93516,0.95793,0.98042,0.9934,1,0.99605,0.98433,-0.03871,-0.013343,0.20798,0.65519
0.19588,0.19172,0.19137,0.1888,0.18198,0.1791,0.17267,0.1637,0.16035,0.14832,0.1419,0.13609,0.13314,0.1298,0.12385,0.11878,0.10662,0.097166,0.090201,0.086053,0.082674,0.079587,0.079899,0.074895,0.074433,0.078132,0.086203,0.095826,0.10005,0.11151,0.11625,0.12016,0.12763,0.13891,0.14972,0.15838,0.17363,0.18329,0.20713,0.22297,0.23881,0.2488,0.26726,0.27804,0.28446,0.28775,0.28943,0.29058,0.29345,0.29521,0.29977,0.30863,0.3175,0.31856,0.31897,0.32021,0.32166,0.34429,0.35118,0.3702,0.3774,0.38426,0.38881,0.38927,0.39136,0.40207,0.4007,0.39394,0.40359,0.42202,0.4414,0.4573,0.4729,0.49453,0.50668,0.51325,0.52875,0.53741,0.55044,0.55779,0.5643,0.57083,0.5837,0.59648,0.60966,0.62047,0.62512,0.63153,0.64308,0.665,0.69017,0.71585,0.73974,0.76057,0.7798,0.81977,0.85607,0.88974,0.92145,0.94432,0.96768,0.98391,0.99605,1,0.99299,-0.046791,-0.023321,0.19763,0.64596
0.20948,0.20662,0.20621,0.20433,0.19662,0.19357,0.18689,0.17561,0.17167,0.15679,0.14892,0.14177,0.13852,0.13462,0.12897,0.1236,0.11053,0.10247,0.094431,0.089762,0.086016,0.084916,0.085401,0.080338,0.08029,0.082795,0.090442,0.10113,0.10562,0.11744,0.12299,0.12818,0.13644,0.1467,0.15954,0.17076,0.18967,0.19963,0.22177,0.23682,0.2498,0.25891,0.27829,0.28804,0.29255,0.2941,0.2982,0.30034,0.30231,0.30337,0.30814,0.31646,0.32552,0.32681,0.3269,0.32797,0.32868,0.35426,0.36426,0.38617,0.39282,0.39793,0.39969,0.3986,0.39868,0.40746,0.40719,0.40142,0.41161,0.42884,0.44898,0.46453,0.47984,0.50019,0.50884,0.51234,0.52472,0.53006,0.54168,0.54867,0.55575,0.56283,0.57618,0.59033,0.60168,0.61048,0.61575,0.62223,0.63406,0.65826,0.68344,0.70861,0.73184,0.75145,0.76804,0.80533,0.84083,0.87147,0.90113,0.92371,0.95306,0.97077,0.98433,0.99299,1,-0.088929,-0.060579,0.21111,0.65365
-0.4307,-0.42988,-0.42731,-0.42391,-0.41774,-0.41537,-0.41081,-0.40455,-0.40258,-0.39581,-0.39289,-0.38836,-0.38578,-0.38362,-0.3788,-0.37578,-0.37268,-0.3643,-0.35555,-0.35231,-0.34779,-0.33959,-0.33378,-0.33193,-0.33129,-0.33156,-0.33422,-0.34254,-0.3487,-0.36098,-0.36478,-0.37662,-0.38455,-0.39677,-0.40177,-0.40563,-0.40322,-0.40869,-0.40925,-0.41502,-0.41599,-0.42245,-0.43392,-0.43467,-0.43528,-0.42823,-0.42339,-0.42427,-0.41908,-0.40626,-0.4022,-0.39666,-0.38846,-0.38562,-0.38431,-0.37814,-0.37211,-0.3545,-0.32872,-0.30842,-0.30379,-0.29484,-0.27932,-0.26772,-0.25455,-0.24242,-0.22821,-0.21252,-0.17768,-0.16302,-0.15622,-0.15847,-0.14363,-0.13732,-0.12061,-0.1021,-0.090297,-0.07175,-0.055751,-0.037222,-0.031922,-0.027676,-0.021153,-0.01732,-0.010554,-0.0014351,0.0075723,0.013838,0.03271,0.066608,0.074812,0.075136,0.076384,0.080475,0.077141,0.066893,0.056087,0.038595,0.01327,0.0018439,0.0012018,-0.027914,-0.03871,-0.046791,-0.088929,1,0.81919,-0.43212,-0.2884
-0.3961,-0.39749,-0.39693,-0.39517,-0.39337,-0.3917,-0.38806,-0.38419,-0.38275,-0.37634,-0.37401,-0.36982,-0.36787,-0.36609,-0.36205,-0.36121,-0.35709,-0.34933,-0.34093,-0.33872,-0.33322,-0.3251,-0.31599,-0.31202,-0.30863,-0.30689,-0.30535,-0.30379,-0.30966,-0.32322,-0.32748,-0.33774,-0.34629,-0.3564,-0.35832,-0.35932,-0.36049,-0.36874,-0.37358,-0.37119,-0.37064,-0.37575,-0.38306,-0.38191,-0.38136,-0.37484,-0.36906,-0.36895,-0.36491,-0.35939,-0.35924,-0.35498,-0.3501,-0.3477,-0.34497,-0.33525,-0.33017,-0.31715,-0.29606,-0.28154,-0.27763,-0.26798,-0.24869,-0.23066,-0.21062,-0.19827,-0.18583,-0.17174,-0.13918,-0.12782,-0.12108,-0.11788,-0.10196,-0.088216,-0.072322,-0.057197,-0.051263,-0.03673,-0.021504,-0.0026454,-0.00063233,0.0051952,0.014823,0.019047,0.025384,0.035416,0.045001,0.052252,0.069543,0.10154,0.10573,0.10305,0.1027,0.10523,0.10889,0.10103,0.089513,0.06983,0.034469,0.02507,0.016799,-0.0021102,-0.013343,-0.023321,-0.060579,0.81919,1,-0.3968,-0.25223
0.99992,0.99834,0.99739,0.99537,0.99129,0.98975,0.9865,0.98041,0.97817,0.9712,0.96688,0.9625,0.95993,0.95697,0.95161,0.94733,0.93757,0.92741,0.91768,0.91407,0.90941,0.90292,0.89784,0.89372,0.8907,0.88868,0.88686,0.88703,0.88547,0.88932,0.88909,0.89095,0.89008,0.88895,0.88723,0.88785,0.88792,0.88825,0.8871,0.8795,0.87202,0.86584,0.85756,0.85348,0.84964,0.83854,0.82667,0.82036,0.81322,0.79821,0.78639,0.77219,0.7574,0.75116,0.74568,0.73274,0.72091,0.68397,0.6515,0.62362,0.61724,0.60043,0.57945,0.55812,0.53919,0.52016,0.50148,0.48516,0.45391,0.4341,0.41719,0.40532,0.38434,0.37529,0.35897,0.3417,0.33274,0.32413,0.31661,0.31388,0.31693,0.31513,0.30931,0.30763,0.30363,0.30049,0.29358,0.2891,0.27486,0.26888,0.26567,0.26247,0.25859,0.25009,0.24275,0.22948,0.21949,0.20426,0.20926,0.19967,0.21672,0.21993,0.20798,0.19763,0.21111,-0.43212,-0.3968,1,0.65361
0.65091,0.64576,0.64199,0.63429,0.62347,0.61946,0.61089,0.59838,0.59317,0.57716,0.56757,0.55748,0.55156,0.54567,0.53509,0.52604,0.50343,0.48285,0.4658,0.46027,0.45302,0.4407,0.43095,0.42424,0.41711,0.41335,0.41394,0.41866,0.42464,0.44349,0.44705,0.45551,0.46796,0.48128,0.49432,0.50854,0.52604,0.54133,0.57218,0.59872,0.61451,0.6268,0.64949,0.66082,0.67501,0.69744,0.70804,0.71319,0.71977,0.72941,0.73931,0.74791,0.76022,0.76445,0.76784,0.77265,0.776,0.7853,0.79484,0.80213,0.80317,0.80332,0.80537,0.80218,0.79852,0.79761,0.79412,0.78843,0.77962,0.77644,0.77847,0.77796,0.77156,0.76881,0.75983,0.75084,0.74601,0.73685,0.73244,0.72713,0.72646,0.72288,0.71446,0.70777,0.70596,0.70287,0.69918,0.69421,0.68188,0.67423,0.67331,0.67741,0.67709,0.6713,0.66891,0.66392,0.65994,0.65313,0.64931,0.64194,0.66537,0.66052,0.65519,0.64596,0.65365,-0.2884,-0.25223,0.65361,1
